공고 번호,공고 차수,사업명,project_id,사업 금액,발주 기관,공개 일자,입찰 참여 시작일,입찰 참여 마감일,사업 요약,doc_index,공개_월,expected_folder_norm,folder_name,folder_path,folder_match_ok,pdf_list,pdf_count
20241001798,0,한영대학교 특성화 맞춤형 교육환경 구축 - 트랙운영 학사정보시스템 고도화,proj_001,130000000.0,한영대학,2024-10-04 13:51:00,2024-10-04 13:51:00,2024-10-15 17:00:00,"- 한영대학교 특성화 맞춤형 교육환경 구축을 위해 트랙운영 학사정보시스템을 고도화한다.
- 트랙제도를 도입하여 다양한 진로 선택 기회를 제공하고 산업현장의 경쟁력을 강화한다.
- 효과적인 교육과정 지원 및 대학 체제 개편에 대한 대응체계를 확립한다.
- 트랙기반 교육과정 운영 및 관리 체계를 개선하고 교수자-학습자 중심의 교육환경을 조성한다.
- 학사운영 시스템을 고도화하여 대학 체제 개편에 대한 대응체계를 갖출 수 있다.",0,2024-10,proj_001,proj_001,/content/drive/MyDrive/rag_project/Files/proj_001,True,"['/content/drive/MyDrive/rag_project/Files/proj_001/20241001798-00_1728004387170_입찰공고문(한영대학교 특성화 맞춤형 교육환경 구축 - 트랙운영 학사정보시스템 고도화) (1).pdf', '/content/drive/MyDrive/rag_project/Files/proj_001/한영대학_한영대학교 특성화 맞춤형 교육환경 구축 - 트랙운영 학사정보.pdf']",2
20241002912,0,2024년 대학산학협력활동 실태조사 시스템(UICC) 기능개선,proj_002,129300000.0,한국연구재단,2024-10-04 15:01:00,2024-10-14 10:00:00,2024-10-16 14:00:00,"- 사업 개요: 2024년 대학 산학협력활동 실태조사 시스템(UICC) 기능개선
- 추진배경: 대학 산학협력활동 실태조사를 안정적으로 운영하고 사용자 편의성을 개선하기 위해 필요
- 사업범위: UICC 시스템 기능개선 및 운영지원, 대학정보공시 연계 기능 개선
- 기대효과: 실태조사를 안정적으로 운영하고 사용자 편의성을 개선하여 대학 산학협력활동을 효율적으로 추진
- 추진목표: UICC 시스템 기능개선을 통한 이용 편의성 개선, UICC 시스템 운영 지원을 통한 안정적인 실태조사 추진",1,2024-10,proj_002,proj_002,/content/drive/MyDrive/rag_project/Files/proj_002,True,"['/content/drive/MyDrive/rag_project/Files/proj_002/20241002912-00_1728021605690_입찰공고문_2024년 대학 산학협력활동 실태조사 시스템(UICC) 기능개선.pdf', '/content/drive/MyDrive/rag_project/Files/proj_002/한국연구재단_2024년 대학산학협력활동 실태조사 시스템(UICC) 기능개선.pdf']",2
20240827859,0,EIP3.0 고압가스 안전관리 시스템 구축 용역,proj_003,40000000.0,한국생산기술연구원,2024-08-28 11:31:00,2024-08-29 09:00:00,2024-09-09 10:00:00,"- 사업 개요: EIP3.0 고압가스 안전관리 시스템 구축 용역
- 추진배경: 안전사고 증가, 법적 요구사항, 연구 환경 보호에 대한 필요성
- 사업범위: 화학물질 운영현황 통계 정보 제공, 고압가스 화학물질 관리 시스템 구축, 안전성 검토 과정 시스템 고도화, 법적 준수와 연구실 관리 시스템 고도화, 화학제품 폐기-회수 관리 시스템 고도화
- 기대효과: 연구실 안전 확보, 법적 준수, 효율적 관리 시스템 도입",2,2024-08,proj_003,proj_003,/content/drive/MyDrive/rag_project/Files/proj_003,True,"['/content/drive/MyDrive/rag_project/Files/proj_003/20240827859-00_1724812213958_입찰공고문_EIP3.0 고압가스 안전관리 시스템 구축 용역.pdf', '/content/drive/MyDrive/rag_project/Files/proj_003/한국생산기술연구원_EIP3.0 고압가스 안전관리 시스템 구축 용역.pdf']",2
20240430918,0,도시계획위원회 통합관리시스템 구축용역,proj_004,150000000.0,인천광역시,2024-04-18 16:26:00,2024-05-02 10:00:00,2024-05-09 16:00:00,"- 사업명: 도시계획위원회 통합관리시스템 구축 용역
- 용역개요: 도시계획위원회와 도시-건축공동위원회의 통합관리시스템 구축
- 과업배경 및 목적: 수작업으로 처리되던 위원회 업무의 복잡성 해결과 자료 관리 및 보안 문제 개선
- 과업의 범위: 시스템 구축, 위원회 운영 지원, 내부시스템 연계, 사용자 교육 및 유지관리
- 기대효과: 체계적-통합적 위원회 운영과 업무 효율성 제고, 자료 관리와 활용 체계 구축, 위원회 심의 지원 및 아카이브 구축",3,2024-04,proj_004,proj_004,/content/drive/MyDrive/rag_project/Files/proj_004,True,"['/content/drive/MyDrive/rag_project/Files/proj_004/20240430918-00_1713425115125_입찰공고_(협상)도시계획위원회 통합관리시스템 구축용역.pdf', '/content/drive/MyDrive/rag_project/Files/proj_004/20240430918-00_1713425115127_과업내용서 도시계획위원회 통합관리시스템 구축용역.pdf', '/content/drive/MyDrive/rag_project/Files/proj_004/인천광역시_도시계획위원회 통합관리시스템 구축용역.pdf']",3
20240430896,0,봉화군 재난통합관리시스템 고도화 사업(협상)(긴급),proj_005,900000000.0,경상북도 봉화군,2024-04-18 16:33:00,2024-04-26 09:00:00,2024-04-30 17:00:00,"- 사업명: 봉화군 재난통합관리시스템 고도화 사업
- 사업개요: 공동수급(공동이행방식)을 허용하는 고도화 사업
- 추진배경: 재난통합관리시스템의 고도화 필요성
- 사업범위: 자가진단표 분야에 대한 사업수행실적 평가표
- 기대효과: 공동수급표준협정서를 활용한 효과적인 사업수행
- 추진목표: 봉화군 재난통합관리시스템의 고도화 및 개선",4,2024-04,proj_005,proj_005,/content/drive/MyDrive/rag_project/Files/proj_005,True,"['/content/drive/MyDrive/rag_project/Files/proj_005/20240430896-00_1713425345417_과업지시서(봉화군 재난통합관리시스템 고도화 사업).pdf', '/content/drive/MyDrive/rag_project/Files/proj_005/20240430896-00_1713425506341_공고문(봉화군 재난통합관리시스템 고도화 사업).pdf', '/content/drive/MyDrive/rag_project/Files/proj_005/경상북도 봉화군_봉화군 재난통합관리시스템 고도화 사업(협상)(긴급).pdf']",3
R25BK00559883,0,전기안전 관제시스템 보안 모듈 개발 용역,proj_006,222180200.0,한국전기안전공사,2025-01-08 09:45:00,2025-01-08 14:30:00,2025-01-08 15:30:00,"- 사업 개요: 전기안전 관제시스템 보안 모듈 개발
- 추진배경: 전기안전관리법에 따라 관제시스템과 원격점검장치 간 안전한 통신환경 조성 필요, 원격점검 사업 물량 안정적 운영을 위한 시스템 환경 조성 필요
- 사업범위: 보안모듈(KCMVP) 적용, 통신서버 구성 및 기능 개선, 원격점검장치 제조사 컨설팅 및 교육, 관제시스템 기능 개발
- 기대효과: 데이터 안전성 강화, 원격장치 암호모듈의 안전성 향상, 관제시스템 운영 효율성 제고
- 추진목표: IoT 표준 보안규격 준수, 원격점검 물량 안정적 운영을 위한 시스템 환경 조성",5,2025-01,proj_006,proj_006,/content/drive/MyDrive/rag_project/Files/proj_006,True,['/content/drive/MyDrive/rag_project/Files/proj_006/한국전기안전공사_전기안전 관제시스템 보안 모듈 개발 용역.pdf'],1
R25BK00564730,0,GIS/통계 기반 재난안전데이터 분석ㆍ관리 시스템 구축 용역,proj_007,100000000.0,재단법인충북연구원,2025-01-08 16:05:00,2025-01-09 10:00:00,2025-02-03 16:00:00,"- 사업 개요: GIS/통계 기반 재난안전데이터 분석-관리 시스템 구축 용역
- 추진배경: 재난관리 패러다임 변화, 충북형 재난안전 특수시책 발굴, 충북 맞춤형 재난안전 정책 수립
- 사업범위: 재난안전데이터 구축 및 최신화, 취약지역 분석, 시스템 구축을 위한 장비 도입 및 설치
- 기대효과: 공간정보 기반 과학적 재난안전정책 수립, 통합적 재난대비, 효율적 재난업무 지원, 선제적 재난예측
- 추진목표: 재난안전데이터 분석-관리 시스템 구축 및 운영",6,2025-01,proj_007,proj_007,/content/drive/MyDrive/rag_project/Files/proj_007,True,"['/content/drive/MyDrive/rag_project/Files/proj_007/1.입찰공고문_GIS통계 기반 재난안전데이터 분석·관리 시스템 구축용역.pdf', '/content/drive/MyDrive/rag_project/Files/proj_007/2.과업지시서_GIS통계 기반 재난안전데이터 분석·관리 시스템 구축용역.pdf', '/content/drive/MyDrive/rag_project/Files/proj_007/재단법인충북연구원_GIS통계 기반 재난안전데이터 분석ㆍ관리 시스템 구.pdf']",3
20240637286,1,차세대 포털·학사 정보시스템 구축사업 ,proj_008,11270000000.0,고려대학교,2024-07-01 00:00:00,2024-07-05 11:00:00,2024-08-12 11:00:00,"- 사업개요: 고려대학교 차세대 포털·학사 정보시스템 구축 사업
- 추진배경: 학령인구 감소, 교육환경 변화 등으로 대학은 급격한 사회·기술변화에 직면하고 있음
- 사업범위: 분산된 시스템 및 데이터의 통합, 데이터 기반 대학경영 지원 개선, 사용자 정보서비스 접근성 개선
- 기대효과: 교육 환경 대응, 시스템 통합, 대학경영 개선, 정보서비스 접근성 개선, 대학 경쟁력 강화
- 추진목표: 차세대 구축을 통해 정보서비스 품질 강화 및 대학 교육 시스템 경쟁력 확보",7,2024-07,proj_008,proj_008,/content/drive/MyDrive/rag_project/Files/proj_008,True,"['/content/drive/MyDrive/rag_project/Files/proj_008/20240637286-01_1719815120650_1. 고려대학교 차세대 포털·학사 정보시스템 구축 입찰공고문_20230701.pdf', '/content/drive/MyDrive/rag_project/Files/proj_008/고려대학교_차세대 포털·학사 정보시스템 구축사업.pdf']",2
20240821865,0,스포츠윤리센터 LMS(학습지원시스템) 기능개선,proj_009,46445000.0,재단법인스포츠윤리센터,2024-08-22 11:11:00,2024-08-22 14:00:00,2024-09-02 14:00:00,"- 스포츠윤리센터 LMS(학습지원시스템) 기능개선 사업으로, 다양한 교육콘텐츠 구현을 위해 미디어 플레이어를 개선하고 강사파견 시스템을 자동화하며 학습자 및 관리자 페이지를 고도화할 것이다.
- 이를 통해 학습자의 능동적인 학습 활동 유도, 정확성-효율성 있는 강사매칭, 사용자 편의성 향상, 타기관의 법정의무교육 이수 정확성 향상을 기대한다.",8,2024-08,proj_009,proj_009,/content/drive/MyDrive/rag_project/Files/proj_009,True,"['/content/drive/MyDrive/rag_project/Files/proj_009/20240821865-00_1724292575906_입찰공고서_스포츠윤리센터 LMS(학습지원시스템) 기능개선(재공고).pdf', '/content/drive/MyDrive/rag_project/Files/proj_009/재단법인스포츠윤리센터_스포츠윤리센터 LMS(학습지원시스템) 기능개선.pdf']",2
20240821893,0,대용량 자료전송시스템 고도화,proj_010,316800000.0,국방과학연구소,2024-08-22 11:20:00,2024-08-22 11:30:00,2024-10-01 10:00:00,"- 사업명: 대용량 자료전송시스템 고도화
- 추진배경 및 필요성: 연구데이터 용량 증가로 인한 자료전송 용량 및 방안 개선 필요, 사용성 저하 및 보안기능 제한으로 체계관리 보강 필요, 노후 인프라 교체로 재연동 및 데이터 이관 필요
- 주요 사업내용: 자료송수신체계 인프라 연동모듈 재개발 및 데이터 이관, 대용량자료 수집을 위한 자료전송 기능 개발, 안전메일 및 자료반입/반출 용량 확대 및 프로세스 개선, 사용자 편의기능 및 보안기능 개선
- 기대효과: 연구사업 수행능력 및 연구자료 수집능력 강화, AI/빅데이터 시대에 발맞춘 자료유통 제공, 악성코드 및 해킹공격으로부터 연구자료와 시스템 보호, 안정적인 자료송수신 서비스 제공",9,2024-08,proj_010,proj_010,/content/drive/MyDrive/rag_project/Files/proj_010,True,"['/content/drive/MyDrive/rag_project/Files/proj_010/20240821893-00_1724293134592_1. 입찰공고문(대용량 자료전송시스템 고도화).pdf', '/content/drive/MyDrive/rag_project/Files/proj_010/20240821893-00_1724293134597_3. 계약특수조건(대용량 자료전송시스템 고도화).pdf', '/content/drive/MyDrive/rag_project/Files/proj_010/국방과학연구소_대용량 자료전송시스템 고도화.pdf']",3
20240812818,0,KUSF 체육특기자 경기기록 관리시스템 개발,proj_011,150000000.0,(사）한국대학스포츠협의회,2024-08-16 08:52:00,2024-09-02 10:00:00,2024-09-06 10:00:00,"- KUSF 체육특기자 경기기록 관리시스템 개발
- 사업 배경: 경기실적으로만 체육특기자 선발 결정하는 문제 해결을 위한 경기력 평가지표 개발 필요
- 사업 범위: KUSF 체육특기자 경기기록 관리시스템 및 경기력 평가지표 개발
- 기대 효과: 체육특기자 대입 공정성 확보, 경기력 평가 자료 제공, 학생선수 개인별 경기력 판단 가능",10,2024-08,proj_011,proj_011,/content/drive/MyDrive/rag_project/Files/proj_011,True,"['/content/drive/MyDrive/rag_project/Files/proj_011/(사）한국대학스포츠협의회_KUSF 체육특기자 경기기록 관리시스템 개발.pdf', '/content/drive/MyDrive/rag_project/Files/proj_011/20240812818-00_1723526848621_1. [입찰공고서] KUSF 체육특기자 경기기록 관리시스템 개발.pdf']",2
20240815487,0,대학재정정보시스템(기본재산 및 기채 사후관리) 고도화,proj_012,211000000.0,한국사학진흥재단,2024-08-16 09:53:00,2024-08-16 13:00:00,2024-08-27 16:00:00,"- 사업 개요: 대학재정정보시스템(기본재산 및 기채 사후관리) 고도화
- 추진배경: 대학설립-운영 규정 개정으로 인한 신청 증가 및 관리 필요성 확대
- 사업범위: 기본재산-기채 사후관리 기능개선, 학교법인 보통재산 접수 기능개선
- 기대효과: 신속한 처리, 자료 정확성 개선, 효율적인 업무 처리, 보안 강화
- 추진목표: 사후관리 업무 신속 처리 및 자료 관리 정확성 개선을 위한 시스템 기능 개선",11,2024-08,proj_012,proj_012,/content/drive/MyDrive/rag_project/Files/proj_012,True,"['/content/drive/MyDrive/rag_project/Files/proj_012/20240815487-00_1723769416862_1. 입찰공고문.pdf', '/content/drive/MyDrive/rag_project/Files/proj_012/20240815487-00_1723769416870_3. 긴급입찰사유서.pdf', '/content/drive/MyDrive/rag_project/Files/proj_012/한국사학진흥재단_대학재정정보시스템(기본재산 및 기채 사후관리) 고.pdf']",3
20230827317,0,[사전공개] 학업성취도 다차원 종단분석 통합시스템 1차 고도화 용역,proj_013,0.0,서울시립대학교,2023-06-20 00:00:00,2023-08-24 13:41:00,2023-08-24 16:00:00,"- 사업개요: 학업성취도 다차원 종단분석 통합시스템 1차 고도화
- 추진배경: 서울시립대학교에서 학업성취도 평가를 효과적으로 수행하기 위해
- 사업범위: 종단분석 통합시스템의 고도화를 통한 학업성취도 평가 기능 개선
- 기대효과: 정확한 학생 성취도 평가 및 개인 맞춤형 교육 지원 가능
- 추진목표: 학업성취도 평가의 정확성과 효율성 향상",12,2023-06,proj_013,proj_013,/content/drive/MyDrive/rag_project/Files/proj_013,True,['/content/drive/MyDrive/rag_project/Files/proj_013/서울시립대학교_[사전공개] 학업성취도 다차원 종단분석 통합시스템 1차.pdf'],1
20240502170,0,[입찰공고] 산학협력단 정보시스템 운영 용역업체 선정,proj_014,0.0,경희대학교,2024-05-02 00:00:00,2024-05-02 14:00:00,2024-05-16 11:00:00,"- 사업명: 경희대학교 산학협력단 정보시스템 운영 용역사업
- 추진배경: 정보시스템 운영 효율화 및 안정적인 서비스 제공을 위한 최적상태 유지
- 사업범위: 정보시스템 운영 및 유지관리, 내/외부 연계시스템 운영/유지관리, 정보시스템 개발/운영 관련 제반 업무
- 기대효과: 사용자 편의성 향상, 신속한 요구사항 처리 및 시스템 반영, 연계시스템 관련 지원 및 개발 등
- 추진목표: 최적의 운영상태 유지, 서비스 연속성 향상, 사업의 성공적인 수행",13,2024-05,proj_014,proj_014,/content/drive/MyDrive/rag_project/Files/proj_014,True,"['/content/drive/MyDrive/rag_project/Files/proj_014/20240502170-00_1714623901456_[붙임2] 입찰공고문.pdf', '/content/drive/MyDrive/rag_project/Files/proj_014/경희대학교_[입찰공고] 산학협력단 정보시스템 운영 용역업체 선정.pdf']",2
B5202401778,0,건설통합시스템(CMS) 고도화,proj_015,780230000.0,한국수자원공사,2024-05-31 00:00:00,2024-07-01 09:00:00,2024-07-11 13:00:00,"- 사업개요: 건설통합시스템(CMS) 고도화 사업으로, 위원회 및 건설사업관리용역에 대한 기능 구축과 개선이 목표입니다.
- 추진배경: 위원회와 건설사업관리에 대한 효율성 및 편의성을 높이기 위해 CMS를 고도화하고자 하는 필요성이 있습니다.
- 사업범위: 위원회 기능 개선, 건설사업관리용역 기능 개선 등을 포함한 CMS의 고도화 작업이 수행됩니다.
- 기대효과: 위원회 및 건설사업관리용역에 대한 효율성과 정확성이 향상되며, 업무 수행에 대한 편의성이 증가할 것으로 기대됩니다.
- 추진목표: CMS를 고도화하여 위원회 및 건설사업관리용역에 대한 효율적이고 원활한 업무 수행을 지원하는 것이 목표입니다.",14,2024-05,proj_015,proj_015,/content/drive/MyDrive/rag_project/Files/proj_015,True,"['/content/drive/MyDrive/rag_project/Files/proj_015/1.입찰공고문_건설통합시스템(CMS)_고도화.pdf', '/content/drive/MyDrive/rag_project/Files/proj_015/2._과업지시서.pdf', '/content/drive/MyDrive/rag_project/Files/proj_015/4._제안요청서_(최종).pdf', '/content/drive/MyDrive/rag_project/Files/proj_015/5._제안서_평가기준_및_작성양식(최종).pdf', '/content/drive/MyDrive/rag_project/Files/proj_015/6.납품대금연동제관련서식.pdf']",5
9244492,0,예약발매시스템 개량 ISMP 용역,proj_016,0.0,한국철도공사 (용역),2024-05-31 00:00:00,2024-06-07 00:00:00,2024-06-11 00:00:00,"- 사업 개요: 예약발매시스템 개량을 위한 업무 종합계획(ISMP) 수립
- 추진배경 및 필요성: 시스템 노후화와 운용 효율 저하, 산업 동향 대응 필요, 정보화 계획 확립 필요
- 현황 및 문제점: 시스템 구성 현황 및 문제점 파악
- 추진목표: 예약발매 관련 업무 분석 및 정보화 현황 파악, 예약발매 시스템 개량 마스터플랜 수립
- 추진전략: 기술적 전략을 통한 과업 수행, 신기술 활용 및 확장성 확보, 내-외부적 사업환경 변화 대응",15,2024-05,proj_016,proj_016,/content/drive/MyDrive/rag_project/Files/proj_016,True,"['/content/drive/MyDrive/rag_project/Files/proj_016/용역설계서.pdf', '/content/drive/MyDrive/rag_project/Files/proj_016/입찰재공고문(9244492-00).pdf', '/content/drive/MyDrive/rag_project/Files/proj_016/한국철도공사 (용역)_예약발매시스템 개량 ISMP 용역.pdf', '/content/drive/MyDrive/rag_project/Files/proj_016/한국철도공사입찰관련서류.pdf']",4
20240910050,0,2025 구미아시아육상경기선수권대회 종합정보시스템 및 홈페이지 등 구축 용역,proj_017,260000000.0,2025 구미 아시아육상경기선수권대회 조직위원회,2024-09-10 16:31:00,2024-09-10 16:31:00,2024-09-23 18:00:00,"- 2025 구미아시아육상경기선수권대회를 위한 종합정보시스템 및 홈페이지 등 구축 용역 제안
- 대회 정보와 행사 정보 제공을 통한 대회 홍보 및 성공적인 대회 운영
- 종합정보시스템 구축을 위한 요구분석 및 상세설계
- 대회 정보화 시설 구축과 대회 종합정보시스템 운영을 위한 S/W 개발
- 대회 일정, 결과, 선수 등의 데이터를 신속하게 전달하고 관리하는 종합정보시스템 운영",16,2024-09,proj_017,proj_017,/content/drive/MyDrive/rag_project/Files/proj_017,True,"['/content/drive/MyDrive/rag_project/Files/proj_017/20240910050-00_1725953458429_입찰 공고문.pdf', '/content/drive/MyDrive/rag_project/Files/proj_017/2025 구미 아시아육상경기선수권대회 조직위원회_2025 구미아시아육상경.pdf']",2
20240607416,0,2024년 건설기술에 관한 특허·실용신안 활용실적 관리시스템 개편 용역,proj_018,87000000.0,한국발명진흥회 입찰공고,2024-06-07 00:00:00,2024-06-07 22:00:00,2024-06-20 10:00:00,"- 사업명: 2024년 건설기술에 관한 특허-실용신안 활용실적 관리시스템 개편
- 추진 배경 및 필요성: 효율적인 서비스 운영을 위한 시스템 개편 필요, 사용자 중심의 인터페이스 개선, 타 기관 시스템과의 정보 연계 체계 구축 필요
- 추진 목적: 건설기술에 관한 특허-실용신안 활용실적 관리시스템의 효율성 제고, 대민용 정보 제공 기능 강화, 사업 운영 DB구축 기능 강화
- 사업 범위: 업무처리 지원 기능 구축, DB 개선 및 조회 기능 구축, 사용자 인터페이스 개선, 타 기관 시스템과의 연계 기술 지원, 기존 시스템 기능 개선, 매뉴얼 제작",17,2024-06,proj_018,proj_018,/content/drive/MyDrive/rag_project/Files/proj_018,True,"['/content/drive/MyDrive/rag_project/Files/proj_018/20240607416-00_1717721706634_[입찰공고문] 2024년 건설기술에 관한 특허·실용신안 활용실적 관리시스템 개편 용역_240607.pdf', '/content/drive/MyDrive/rag_project/Files/proj_018/한국발명진흥회 입찰공고_2024년 건설기술에 관한 특허·실용신안 활용실.pdf']",2
20240903676,1,관산근린공원 다목적구장 홈페이지 및 회원 통합운영 관리 시스템 구축[협상에 의한 계약],proj_019,90000000.0,고양도시관리공사,2024-09-04 14:19:00,2024-09-11 10:00:00,2024-09-19 17:00:00,"- 사업 개요: 고양도시관리공사에서 관산근린공원 다목적구장 회원 통합운영관리 시스템 구축을 위한 제안요청서
- 추진배경: 관산근린공원 다목적구장의 효율적인 운영과 자동화시스템 구축, 운영 인력 구성을 위함
- 사업범위: 시스템 업그레이드, 운영시스템과의 하드웨어 연동, 무인화 운영 프로그램 제공 등
- 기대효과: 효율적인 운영, 개인정보보호 및 보안 기능 강화, 안내데스크 및 출입통제시스템 구매 및 설치
- 추진목표: 관산근린공원 다목적구장 회원 통합운영관리 시스템 구축을 통한 효율적인 운영 및 자동화 시스템 구축",18,2024-09,proj_019,proj_019,/content/drive/MyDrive/rag_project/Files/proj_019,True,"['/content/drive/MyDrive/rag_project/Files/proj_019/20240903676-01_1725427035388_공고문.pdf', '/content/drive/MyDrive/rag_project/Files/proj_019/20240903676-01_1725427035394_과업지시서.pdf', '/content/drive/MyDrive/rag_project/Files/proj_019/20240903676-01_1725427035402_기술지원협약서.pdf', '/content/drive/MyDrive/rag_project/Files/proj_019/고양도시관리공사_관산근린공원 다목적구장 홈페이지 및 회원 통합운영.pdf']",4
20240903688,0,JST 공유대학(원) xAPI기반 LRS시스템 구축,proj_020,116000000.0,전북대학교,2024-09-04 15:01:00,2024-09-05 09:00:00,2024-09-19 12:00:00,"- 사업개요: JST 공유대학(원)에서 xAPI 기반 LRS시스템을 구축하는 사업
- 추진배경: 학습 데이터의 통합 관리, 개인 맞춤형 학습 환경 구축, 데이터 기반의 의사결정 필요성
- 사업범위: JST 공유대학(원) 내에서 xAPI 기반의 LRS 시스템 구축
- 기대효과: 학습자 맞춤형 학습 경로 제공, 교육 정책 수립에 필요한 정보 제공, 학습 효과 향상 및 교수 방법 개선
- 추진목표: 학습자의 다양한 학습 활동 데이터 수집 체계 구축, 맞춤형 학습 경로 제공, 학습자의 학습효과 향상 및 교수 방법 개선",19,2024-09,proj_020,proj_020,/content/drive/MyDrive/rag_project/Files/proj_020,True,"['/content/drive/MyDrive/rag_project/Files/proj_020/20240903688-00_1725425818987_[입찰공고서] JST 공유대학(원) xAPI기반 LRS시스템 구축.pdf', '/content/drive/MyDrive/rag_project/Files/proj_020/전북대학교_JST 공유대학(원) xAPI기반 LRS시스템 구축.pdf']",2
R25BK00632049,0,라오스 보건의료정보화 협력을 위한 사전타당성 조사,proj_021,44000000.0,한국사회보장정보원,2025-02-11 13:32:00,2025-02-11 14:00:00,2025-02-27 14:00:00,"- 사업개요: 라오스 보건의료정보화 협력을 위한 사전타당성 조사
- 추진배경 및 필요성: 라오스의 보건시스템 강화와 디지털 기술 활용을 위한 필요성
- 주요내용: 라오스 현황조사, 사업 타당성 분석, 사업 계획 수립, 협력국 사업요청서 수신 및 무상원조시행계획 작성 지원
- 추진체계 및 역할: 사업 총괄, 정책지원 및 협력, 사업자문, 사업수행
- 추진일정: 사전준비, 사업수행, 사업결과보고
- 세부사업내용: 문헌검토 및 사업대상지 조사, 이해관계자 조사",20,2025-02,proj_021,proj_021,/content/drive/MyDrive/rag_project/Files/proj_021,True,"['/content/drive/MyDrive/rag_project/Files/proj_021/(입찰공고서)+라오스+보건의료정보화+협력을+위한+사전타당성+조사_자체 (1).pdf', '/content/drive/MyDrive/rag_project/Files/proj_021/한국사회보장정보원_라오스 보건의료정보화 협력을 위한 사전타당성 조.pdf']",2
R25BK00632248,0,강릉어선안전조업국 상황관제시스템 구축,proj_022,210000000.0,수협중앙회,2025-02-11 10:27:00,2025-02-11 10:27:00,2025-03-10 11:00:00,"- 사업 목적: 강릉어선안전국 상황관제시스템 구축을 통해 어선위치 모니터링 및 긴급 상황 대응을 강화
- 사업 개요: 강릉어선안전국 상황관제시스템 구축사업으로 242inch LED 전광판 디스플레이, 98inch 전자칠판, 음향시스템 등의 영상 및 음향시스템 구축
- 사업 범위: 영상시스템 구축 및 음향시스템 구축
- 기대효과: 종합적인 관제지원 및 외부 홍보, 브리핑에 활용 가능",21,2025-02,proj_022,proj_022,/content/drive/MyDrive/rag_project/Files/proj_022,True,"['/content/drive/MyDrive/rag_project/Files/proj_022/[붙임1] 강릉 상황관제시스템 구축사업 입찰공고문.pdf', '/content/drive/MyDrive/rag_project/Files/proj_022/[붙임2] 강릉 상황관제시스템 구축사업 용역입찰유의서.pdf', '/content/drive/MyDrive/rag_project/Files/proj_022/수협중앙회_강릉어선안전조업국 상황관제시스템 구축.pdf']",3
B5202401500,0,용인 첨단 시스템반도체 국가산단 용수공급사업 타당성조사 및 기본계획 수립 용역,proj_023,2392940000.0,한국수자원공사,2024-05-13 00:00:00,2024-07-15 09:00:00,2024-07-17 10:00:00,"- 용인 첨단 시스템반도체 국가산단 용수공급사업의 타당성 조사 및 기본계획 수립 용역
- 사업 목적은 용인 첨단 시스템반도체 국가산단에 용수를 공급하기 위한 사업의 타당성 조사 및 기본계획 수립
- 과업 대상 지역은 용인시, 성남시, 광주시, 하남시
- 사업 개요는 2034년까지 총 공급량 80만/일로 1단계와 2단계로 나누어 진행됨
- 과업의 범위 및 내용은 자료 수집, 현지조사, 타당성 조사, 주요시설물 계획 등으로 구성됨",22,2024-05,proj_023,proj_023,/content/drive/MyDrive/rag_project/Files/proj_023,True,"['/content/drive/MyDrive/rag_project/Files/proj_023/1.입찰공고문(용인국가산단).pdf', '/content/drive/MyDrive/rag_project/Files/proj_023/2.입찰안내서(용인국가산단).pdf', '/content/drive/MyDrive/rag_project/Files/proj_023/3.과업지시서(용인국가산단).pdf', '/content/drive/MyDrive/rag_project/Files/proj_023/4.자기평가서(용인국가산단)_수정.pdf', '/content/drive/MyDrive/rag_project/Files/proj_023/6.안전보건수준평가기준및양식.pdf', '/content/drive/MyDrive/rag_project/Files/proj_023/7.납품대금연동제_관련_서식.pdf']",6
R25BK00601569,1,아세안+3 식량안보정보시스템(AFSIS) 3단계 협력(캄보디아)사업 PMC 용역,proj_024,977240000.0,한국농어촌공사,2025-02-05 18:31:00,2025-02-06 10:00:00,2025-03-10 10:00:00,"- 사업개요: 2025년까지 아세안+3 식량안보정보시스템 3단계 협력사업을 캄보디아에서 추진하는 PMC 용역 제안 요청서입니다.
- 추진배경: 캄보디아를 포함한 아세안+3 국가들의 식량안보와 빈곤감소에 기여하기 위해 식량안보정보네트워크를 설립하고 농업통계정보 수집, 분석, 관리 및 모니터링을 지원하는 사업입니다.
- 사업범위: 원격탐사기술을 활용한 작물 모니터링과 농업 생산예측모델 개발을 위한 마스터플랜 수립, 시범사업, 지식교류, 인력강화 등을 포함합니다.
- 기대효과: 아세안+3 지역의 식량안보와 빈곤감소를 향상시키는데 기여할 것으로 기대됩니다.
- 추진목표: 식량안보예측모델(FSFM) 마스터플랜 수립, 카토그램 데이터베이스 구축, FSFM 시스템 개발, 전문가 파견 및 역량강화를 추진합니다.",23,2025-02,proj_024,proj_024,/content/drive/MyDrive/rag_project/Files/proj_024,True,"['/content/drive/MyDrive/rag_project/Files/proj_024/변경공고문.pdf', '/content/drive/MyDrive/rag_project/Files/proj_024/제안요청서(수정).pdf', '/content/drive/MyDrive/rag_project/Files/proj_024/투찰내역서.pdf']",3
P2024-00202,0,[긴급] [지문] [국제] 우즈베키스탄 열린 의정활동 상하원 국회 방송시스템 구축 및 지역의회 연계 개선 PMC 용역,proj_025,6758571493.0,KOICA 전자조달,2024-10-24 00:00:00,2024-11-12 09:00:00,2024-11-14 15:00:00,"- 우즈베키스탄 국회 방송시스템 구축 및 지역의회와의 연계 기반 개선 사업 PMC 용역
- 목표: 우즈베키스탄 국회의 투명성 강화 및 참여 민주주의 구현
- 대상지: 타슈켄트시, 12개 주 및 카라칼팍스탄 공화국
- 사업 범위: 기자재 조달업체 선정 및 운영지원, 응용시스템 개발, 기반 설비 구축, 국회 구성원 역량강화
- 추진일정: 2024년부터 2027년까지",24,2024-10,proj_025,proj_025,/content/drive/MyDrive/rag_project/Files/proj_025,True,"['/content/drive/MyDrive/rag_project/Files/proj_025/(붙임1-1) 입찰공고문(P2024-00202-1).pdf', '/content/drive/MyDrive/rag_project/Files/proj_025/KOICA 전자조달_[긴급] [지문] [국제] 우즈베키스탄 열린 의정활동 상하원 .pdf']",2
B5202401415,0,수도사업장 통합 사고분석솔루션 시범구축 용역,proj_026,195030000.0,한국수자원공사,2024-05-07 00:00:00,2024-05-24 09:00:00,2024-05-28 17:00:00,"- 과업명: 수도사업장 통합 사고분석솔루션 시범구축 용역
- 과업목적: 수도사업장 사고발생 시 운영시스템을 활용해 신속․정확한 사고분석을 위한 통합사고분석솔루션을 구축
- 과업범위: 수도사업장 운영, 경보, 제어, 영상정보 통합관리체계 개발 및 통합 사고분석솔루션 웹서비스 시범구축
- 기대효과: 사고시점의 전체 운영상태 복원, 신속․정확한 사고분석 가능
- 추진목표: 수도사업장 통합 사고분석솔루션을 완성하여 운영에 활용",25,2024-05,proj_026,proj_026,/content/drive/MyDrive/rag_project/Files/proj_026,True,"['/content/drive/MyDrive/rag_project/Files/proj_026/1.입찰공고문(수도사고분석).pdf', '/content/drive/MyDrive/rag_project/Files/proj_026/2-2.제안서_평가기준_및_작성양식(수도사고분석).pdf', '/content/drive/MyDrive/rag_project/Files/proj_026/3.과업지시서(수도사고분석).pdf', '/content/drive/MyDrive/rag_project/Files/proj_026/5.납품대금연동제_관련_서식.pdf', '/content/drive/MyDrive/rag_project/Files/proj_026/한국수자원공사_수도사업장 통합 사고분석솔루션 시범구축 용역.pdf']",5
R25BK00603644,0,기록관리시스템 통합 활용 및 보안 환경 구축,proj_027,282300000.0,국방과학연구소,2025-01-24 11:05:00,2025-01-24 11:30:00,2025-02-13 10:00:00,"- 사업명: 기록관리시스템 통합 활용 및 보안 환경 구축
- 추진배경 및 필요성: 공공기록물 관리 법률 및 데이터 활성화 법률에 따라 기록관리시스템의 통합과 보안 강화 필요
- 주요 사업내용: 이용자 페이지 전면 개편, 기록물 통합 활용 및 보안 환경 구축, 기록관리시스템 성능 개량 및 기타 기능 개발, 데이터 표준화 적용 및 관리
- 기대효과: 기록관리시스템의 안정성과 일관성 확보, 이용자 서비스 만족도 제고, 기록물 활용 보안 강화, 업무 효율성 제고
- 추진목표: 사업 준비, 요구사항 분석 및 설계, 시스템 개발, 테스트 및 검수, 사업관리",26,2025-01,proj_027,proj_027,/content/drive/MyDrive/rag_project/Files/proj_027,True,"['/content/drive/MyDrive/rag_project/Files/proj_027/1. 입찰공고문(기록관리시스템 통합 활용 및 보안 환경 구축).pdf', '/content/drive/MyDrive/rag_project/Files/proj_027/3. 계약특수조건(기록관리시스템 통합 활용 및 보안 환경 구축).pdf', '/content/drive/MyDrive/rag_project/Files/proj_027/국방과학연구소_기록관리시스템 통합 활용 및 보안 환경 구축.pdf']",3
R25BK00603533,0,인천일자리플랫폼 정보시스템 구축 ISP 수립용역,proj_028,100000000.0,인천광역시,2025-01-24 10:36:00,2025-01-31 10:00:00,2025-02-11 16:00:00,"- 사업개요: 인천일자리플랫폼 정보시스템 구축을 위한 ISP 수립
- 추진배경: 구인‧구직자 일자리 생애주기 맞춤형 정보시스템 필요, 계층별‧기관별 일자리정책 창구의 일원화 필요, 기존 인천일자리포털 기능 한계에 따른 웹서비스 고도화 필요
- 사업범위: 일자리업무시스템 및 일자리포털웹사이트 구축
- 기대효과: 수요자 맞춤형 일자리 업무 프로세스 개발, 일자리정보통합, 기능고도화, 정보보안 및 기타 개선
- 추진목표: 정보시스템 구축을 위한 이행계획 수립, 사업관리 및 감독, 산출물 품질관리",27,2025-01,proj_028,proj_028,/content/drive/MyDrive/rag_project/Files/proj_028,True,"['/content/drive/MyDrive/rag_project/Files/proj_028/인천광역시_인천일자리플랫폼 정보시스템 구축 ISP 수립용역.pdf', '/content/drive/MyDrive/rag_project/Files/proj_028/입찰공고문_인천일자리플랫폼 정보시스템 구축 ISP 수립용역.pdf']",2
R25BK00604826,0,"2025년 전국장애인체육대회 전산 및 시스템, 홈페이지 유지·보수",proj_029,220000000.0,대한장애인체육회,2025-01-24 16:10:00,2025-01-28 11:00:00,2025-02-04 14:00:00,"- 2025년 전국장애인체육대회의 전산 및 시스템, 홈페이지 유지-보수 용역 사업
- 추진배경은 대회 운영을 위한 안정성과 정보 관리의 편리성 강화를 목표로 함
- 사업내용은 통합정보센터 운영 및 유지보수, 전국장애인체육대회 홈페이지 및 시스템 유지-보수, 기타 운영 및 유지보수 관련임
- 기대효과는 사용자의 이용 편의성 제공과 시스템 운영의 효율성 증가
- 추진목표는 통합정보센터와 전산 및 홈페이지의 안정성 확보
- 추진전략은 업무 중심의 시스템 운영과 정보 표준화 확립
- 추진체계는 주관부서, 협조부서, 실무부서, 자문기관, 주관사업자 간 역할 분담
- 제안요청내용에는 목표시스템 개념도와 사업추진 내용이 포함되어 있음",28,2025-01,proj_029,proj_029,/content/drive/MyDrive/rag_project/Files/proj_029,True,"['/content/drive/MyDrive/rag_project/Files/proj_029/대한장애인체육회_2025년 전국장애인체육대회 전산 및 시스템, 홈페이지 .pdf', '/content/drive/MyDrive/rag_project/Files/proj_029/입찰공고 2025-03.pdf']",2
R25BK00605617,0,수도국산달동네박물관 전시해설 시스템 구축(협상에 의한 계약),proj_030,200000000.0,인천광역시 동구,2025-01-24 19:56:00,2025-01-24 19:56:00,2025-02-20 18:00:00,"1. 사업명: 수도국산달동네박물관 전시해설 시스템 구축
2. 추진방향: 최신 ICT 기술을 활용하여 전시 이해도 상승과 관람객 중심의 능동적인 전시 관람 환경 제공
3. 사업개요: 인천 동구에 위치한 수도국산달동네박물관에서 무인 전시해설 시스템을 구축하는 사업, 6개월 이내, 예산 200,000천원
4. 추진일정 및 추진방식: 사업기간은 6개월 이내, 제한경쟁입찰(협상에 의한 계약) 방식
5. 과업수행 일반사항: 과업수행하여야 할 내용 및 과업 일정, 세부과업 지침, 보안대책 등
6. 보고 및 성과품 제출: 과업 수행 보고 및 성과품 제출 일정과 방법
7. 제안요청내용: 수도국산달동네박물관 전시해설 시스템 구축에 대한 개요, 과업내용, 상세 요구사항 안내",29,2025-01,proj_030,proj_030,/content/drive/MyDrive/rag_project/Files/proj_030,True,"['/content/drive/MyDrive/rag_project/Files/proj_030/인천광역시 동구_수도국산달동네박물관 전시해설 시스템 구축(협상에 .pdf', '/content/drive/MyDrive/rag_project/Files/proj_030/★과업지시서 (수도국산달동네박물관 전시해설시스템 구축) 최종.pdf', '/content/drive/MyDrive/rag_project/Files/proj_030/★수도국산달동네박물관 전시해설 시스템구축(입찰공고문).pdf']",3
20240523741,0,축산물이력관리시스템 개선(정보화 사업),proj_031,196000000.0,축산물품질평가원,2024-05-20 14:07:00,2024-05-20 15:00:00,2024-06-11 10:00:00,"- 사업개요: 축산물이력관리시스템 개선을 통해 이력제 누리집, 이력관리시스템, 이력번호 조회 앱, 이력제 모바일 웹을 개선하고 사용자 편의성을 향상시킴
- 추진배경: 쇠고기, 돼지, 닭-오리-계란 이력제의 시행으로 전산시스템이 개발되어 제도 운영에 활용되고 있으며, 이를 개선하여 사용자 편의성을 높이고자 함
- 사업범위: 이력제 누리집, 이력관리시스템, 이력번호 조회 앱, 이력제 모바일 웹의 디자인, 메뉴, 기능 개선
- 기대효과: 축산물이력제 전산시스템의 개선을 통해 사용자 편의성을 향상시키고 제도 운영의 효율성을 높임
- 추진목표: 축산물이력관리시스템 개선을 통해 정보화 사업을 성공적으로 추진하여 전산시스템의 디자인, 메뉴, 기능을 개선하고 사용자 편의성을 향상시킴",30,2024-05,proj_031,proj_031,/content/drive/MyDrive/rag_project/Files/proj_031,True,"['/content/drive/MyDrive/rag_project/Files/proj_031/20240523741-00_1716181557304_붙임2 축산물 이력관리 시스템 개선 용역사업 입찰공고서.pdf', '/content/drive/MyDrive/rag_project/Files/proj_031/축산물품질평가원_축산물이력관리시스템 개선(정보화 사업).pdf']",2
20240524568,0,2024년 버스정보시스템 확대 구축 및 기능개선 용역,proj_032,986945000.0,울산광역시,2024-05-20 17:23:00,2024-05-31 09:00:00,2024-06-04 17:00:00,"- 사업 개요: 2024년에 버스정보시스템을 확대 구축하고 기능을 개선하는 사업
- 추진배경: 대중교통 이용편의 제공을 위해 버스정보단말기(BIT)를 설치하여 실시간 정보 제공
- 사업범위: 울산광역시 내 버스정류장에 BIT 설치 및 프로그램 기능 개선
- 기대효과: 대중교통 이용 편의성 향상, 버스노선 전면 개편에 유연한 대응 가능
- 추진목표: 무중단 버스정보 서비스 제공을 위한 기반 구축",31,2024-05,proj_032,proj_032,/content/drive/MyDrive/rag_project/Files/proj_032,True,"['/content/drive/MyDrive/rag_project/Files/proj_032/20240524568-00_1716193278290_1.용역 입찰공고(긴급, 협상에의한계약) - 2024년 버스정보시스템 확대 구축 및 기능개선사업 용역.pdf', '/content/drive/MyDrive/rag_project/Files/proj_032/20240524568-00_1716193278293_2.과업지시서 - 2024년 버스정보시스템 확대 구축 및 기능개선사업 용역.pdf', '/content/drive/MyDrive/rag_project/Files/proj_032/20240524568-00_1716193278296_4.설계내역서 - 2024년 버스정보시스템 확대 구축 및 기능개선사업 용역.pdf', '/content/drive/MyDrive/rag_project/Files/proj_032/울산광역시_2024년 버스정보시스템 확대 구축 및 기능개선 용역.pdf']",4
9246259,0,모바일오피스 시스템 고도화 용역(총체 및 1차),proj_033,0.0,한국철도공사 (용역),2024-10-11 00:00:00,2024-10-18 00:00:00,2024-10-22 00:00:00,"- 사업 개요: 모바일오피스 시스템 고도화를 통해 모바일 업무지원 확대 및 서비스 연속성 확보
- 추진배경: 모바일오피스 사용량 증가에 따른 사용자 편의성 개선 및 처리속도 개선 필요
- 사업범위: 사용자 편의성 중심의 시스템 개선, 응답속도 향상, 기능 개선 및 신규 업무지원 기능 개발, 모바일오피스 운영서버 이중화
- 기대효과: 모바일오피스 사용성 개선, 반응속도 향상, 업무지원 앱 통합, 사용자 편의성 중심의 UI/UX 설계
- 추진목표: 6개월 이내에 사업 완료 및 모바일오피스 시스템 고도화 완료",32,2024-10,proj_033,proj_033,/content/drive/MyDrive/rag_project/Files/proj_033,True,"['/content/drive/MyDrive/rag_project/Files/proj_033/용역설계서.pdf', '/content/drive/MyDrive/rag_project/Files/proj_033/입찰공고문(9246259-00)_모바일오피스시스템고도화용역.pdf', '/content/drive/MyDrive/rag_project/Files/proj_033/한국철도공사 (용역)_모바일오피스 시스템 고도화 용역(총체 및 1차).pdf', '/content/drive/MyDrive/rag_project/Files/proj_033/한국철도공사입찰관련서류.pdf']",4
20240413838,0,e나라도움 업무시스템 웹 접근성 컨설팅,proj_034,70000000.0,한국재정정보원,2024-04-08 17:08:00,2024-04-15 10:00:00,2024-04-19 10:00:00,"- 사업개요: e나라도움 업무시스템의 웹 접근성 컨설팅 사업
- 추진배경: 정보통신접근성 관련 법규 준수, 웹 접근성 개선 필요성
- 추진목적: 정보취약층의 이용 편의성 증진 및 사용자 만족도 향상
- 추진방안: 관련 규정 준수 및 요구사항 상세화, 사업기간 내 사업관리 및 기능개선
- 사업내용: 웹 접근성 진단, 컨설팅, 품질관리, 교육
- 기대효과: 사용자 편의성 개선, 웹페이지 품질 향상, 정보공개 투명성 확보",33,2024-04,proj_034,proj_034,/content/drive/MyDrive/rag_project/Files/proj_034,True,"['/content/drive/MyDrive/rag_project/Files/proj_034/20240413838-00_1712562554292_입찰공고서_e나라도움 업무시스템 웹 접근성 컨설팅.pdf', '/content/drive/MyDrive/rag_project/Files/proj_034/한국재정정보원_e나라도움 업무시스템 웹 접근성 컨설팅.pdf']",2
20240414353,0,경영정보시스템 기능개선,proj_035,109000000.0,부산관광공사,2024-04-08 18:24:00,2024-04-17 09:00:00,2024-04-19 12:00:00,"- 사업개요: 부산관광공사 경영정보시스템 기능개선 용역
- 추진배경: 업무환경 변화에 따른 기능개선 필요
- 사업범위: 경영정보시스템 기능 개선 및 최적화
- 기대효과: 업무처리 효율성 및 편의성 향상
- 추진목표: 사용자 요구사항 반영 및 업무환경 개선",34,2024-04,proj_035,proj_035,/content/drive/MyDrive/rag_project/Files/proj_035,True,"['/content/drive/MyDrive/rag_project/Files/proj_035/20240414353-00_1712568082499_입찰공고문(경영정보시스템 기능개선).pdf', '/content/drive/MyDrive/rag_project/Files/proj_035/부산관광공사_경영정보시스템 기능개선.pdf']",2
20240345257,1,"정읍체육트레이닝센터 통합운영관리시스템 구축 용역(협상에의한계약,긴급)",proj_036,200000000.0,전북특별자치도 정읍시,2024-04-02 15:19:00,2024-04-05 10:00:00,2024-04-09 17:00:00,"- 사업 개요: 정읍체육트레이닝센터 통합운영관리시스템 구축
- 추진배경: 노후화된 운영시스템 개선, 체육시설 이용 편의성 개선, 대내외 홍보력 강화, 정보 제공 기능 강화, 다양한 디바이스에 대응 가능한 시스템 구축
- 사업범위: 회원관리시스템 구축, 온라인 예약 시스템 구축, H/W 연동 프로그램 제공, 감면기능 구현, 웹예약시스템 CMS 구축, 모바일 수강 신청 시스템 도입
- 기대효과: 운영관리의 표준화, 통계자료 구축, 편리한 예약 및 결제 절차 개선, 감면 서비스 제공, 웹예약시스템 신뢰성 및 안정성 확보, 다양한 기능 제공
- 추진목표: 체육시설 운영의 효율성 향상, 서비스 환경 개선, 사용자 친화적인 시스템 구축, 보안 및 개인정보 보호 강화, 결제 및 통합관리 기능 고도화",35,2024-04,proj_036,proj_036,/content/drive/MyDrive/rag_project/Files/proj_036,True,"['/content/drive/MyDrive/rag_project/Files/proj_036/20240345257-01_1712038695876_(공고문)정읍체육트레이닝센터 통합운영관리시스템 구축 용역.pdf', '/content/drive/MyDrive/rag_project/Files/proj_036/전북특별자치도 정읍시_정읍체육트레이닝센터 통합운영관리시스템 구.pdf']",2
20241213403,0,학사시스템 기능개선 사업,proj_037,157300000.0,광주과학기술원,2024-12-09 08:52:00,2024-12-09 08:52:00,2024-12-20 14:00:00,"- 사업 개요: 학사시스템 기능개선
- 사업 목적: 학사 시스템 업무 편리성 제고, 업무 효율성 극대화, 사용자 편의성 증대
- 사업 범위: 학사 조직개편에 따른 시스템 개선, 학위 연계과정 시스템 구축
- 기대 효과: 신속한 업무시스템 개발 및 서비스 제공, 업무 효율성 제고, 안정적인 시스템 운영 구축, 사용자 만족도 제고
- 추진 목표: 학사 시스템 기능 개선, 조직 간의 상호 연동되는 서비스 제공",36,2024-12,proj_037,proj_037,/content/drive/MyDrive/rag_project/Files/proj_037,True,"['/content/drive/MyDrive/rag_project/Files/proj_037/20241213403-00_1733701829480_용역 2024-088호 공고문(협상) - 학사시스템 기능개선 사업.pdf', '/content/drive/MyDrive/rag_project/Files/proj_037/광주과학기술원_학사시스템 기능개선 사업.pdf']",2
20240404154,0,2024년 지도정보 플랫폼 및 전문활용 연계 시스템 고도화 용역,proj_038,493763000.0,서울특별시,2024-04-02 15:49:00,2024-04-19 09:00:00,2024-04-23 16:00:00,"- 사업개요: 2024년 지도정보 플랫폼 및 전문활용 연계 시스템 고도화 구축
- 추진배경 및 필요성: 외래관광객 유치, 개인화 및 로컬화된 관광 트렌드에 맞는 서비스 필요
- 사업범위: 매력서울지도 다국어 서비스 구축, 지도정보 플랫폼 고도화, 시각화 서비스 및 주소-좌표 변환 기능 고도화
- 기대효과: 소통행정 혁신, 외국인 관광객 편의 서비스 확대, 동행매력특별시 서울 정책 홍보, 다양한 지도 시각화 기능 제공",37,2024-04,proj_038,proj_038,/content/drive/MyDrive/rag_project/Files/proj_038,True,"['/content/drive/MyDrive/rag_project/Files/proj_038/20240404154-00_1712040432620_★1. 입찰공고문.pdf', '/content/drive/MyDrive/rag_project/Files/proj_038/서울특별시_2024년 지도정보 플랫폼 및 전문활용 연계 시스템 고도화 용.pdf']",2
20241138828,0,2025년 통합접수시스템 운영,proj_039,738820000.0,재단법인경기도일자리재단,2024-11-27 10:49:00,2024-11-27 11:00:00,2024-12-18 10:00:00,"- 2025년 통합접수시스템 운영 사업 개요: 일자리지원 접수서비스를 통합접수시스템에서 제공하여 비대면으로 이용할 수 있는 일자리플랫폼을 운영
- 추진배경 및 필요성: 언제 어디서나 비대면으로 이용 가능한 일자리플랫폼의 필요성 대두
- 사업내용: 통합접수시스템 운영, 기능개선, 유지보수, 통합회원 DB 운영, 정보보안 및 개인정보보호
- 사업범위: 통합접수시스템 운영 및 기능개선, 통합회원 DB 운영 및 안정화, 정보보안 및 개인정보보호, 시스템 운영 전반에 따른 재단 협조 요청사항 지원
- 기대효과: 플랫폼 활성화 및 사용자 편의성 확대, 24시간 무중단 운영, 도민에게 일자리 서비스 제공",38,2024-11,proj_039,proj_039,/content/drive/MyDrive/rag_project/Files/proj_039,True,"['/content/drive/MyDrive/rag_project/Files/proj_039/20241138828-00_1732671664765_공고문(안)_2025년 통합접수시스템 운영.pdf', '/content/drive/MyDrive/rag_project/Files/proj_039/20241138828-00_1732671664769_입찰참가사용양식.pdf', '/content/drive/MyDrive/rag_project/Files/proj_039/20241138828-00_1732671664771_붙임2. 과업지시서(2025년 통합접수시스템 운영).pdf', '/content/drive/MyDrive/rag_project/Files/proj_039/재단법인경기도일자리재단_2025년 통합접수시스템 운영.pdf']",4
20241138864,0,을지대학교 비교과시스템 개발,proj_040,0.0,을지대학교,2024-11-27 10:51:00,2024-11-27 10:51:00,2024-12-05 17:00:00,"- 사업 개요: 을지대학교 비교과시스템 및 교육과정인증 관리 시스템 구축
- 추진배경: 대학환경 변화와 정보기술 변화에 대응하며 업무효율성 증대
- 사업범위: 비교과 관리 시스템 및 교육과정인증 관리 시스템 개발 및 기존 시스템 수정 및 재개발
- 기대효과: 다양한 요구사항 충족, 서비스 개선 및 확장성 확보, 업무효율성 증대, 개인정보보호 확보
- 추진목표: 기반시스템 마련, 서비스 개선 및 확장성 확보, 업무효율성 증대, 개인정보보호 확보",39,2024-11,proj_040,proj_040,/content/drive/MyDrive/rag_project/Files/proj_040,True,"['/content/drive/MyDrive/rag_project/Files/proj_040/20241138864-00_1732672241779_을지대학교 비교과시스템 개발 입찰공고서.pdf', '/content/drive/MyDrive/rag_project/Files/proj_040/을지대학교_을지대학교 비교과시스템 개발.pdf']",2
20241139040,0,대전대학교 2024학년도 다층적 융합 학습경험 플랫폼(MILE) 전산시스템 구축,proj_041,60000000.0,대전대학교,2024-11-27 11:36:00,2024-11-27 11:36:00,2024-12-09 11:00:00,"- 사업개요: 대전대학교에서 다층적 융합 학습경험 플랫폼(MILE)구축 사업을 추진함. 
- 추진배경 및 목적: 융합교육을 강화하기 위해 학생 개별 학습 상황을 모니터링하고 피드백하는 체계적 코칭이 필요하며, 유연한 학사 운영과 학문적 경계를 넘어선 학습 기회를 제공하여 학생들의 학업 성취를 향상시키고 융합 교육 활성화를 도모함. 
- 사업범위: 다층적 융합 학습경험 플랫폼(MILE) 시스템 구축을 통해 학생 모니터링, 졸업자가진단 및 나노/마이크로디그리 관련 화면 고도화, 교수역량진단 개편 및 ACT 교과 인증 강좌개설 화면 연계 기능을 구현함. 
- 기대효과: 학생 맞춤형 학습 경로 제공과 학습 성과 추적 및 피드백 제공, 융합 교육 활성화를 통한 학업 성취 향상 및 유연한 학사 운영을 통한 융합 교육 확산을 기대함. 
- 추진목표: 융합 교육 학습 성과 강화, 학생 맞춤형 학습경로 제공, 유연한 학사 운영 및 융합 교육 프로그램 지원을 목표로 함.",40,2024-11,proj_041,proj_041,/content/drive/MyDrive/rag_project/Files/proj_041,True,"['/content/drive/MyDrive/rag_project/Files/proj_041/20241139040-00_1732674918923_1. (대전대 제2024-26호) 입찰공고문.pdf', '/content/drive/MyDrive/rag_project/Files/proj_041/20241139040-00_1732674918932_3. (대전대 제2024-26호) 규격서.pdf', '/content/drive/MyDrive/rag_project/Files/proj_041/20241139040-00_1732674918937_4. (계약예규) 용역입찰유의서(기획재정부계약예규)(제476호)(20200318).pdf', '/content/drive/MyDrive/rag_project/Files/proj_041/대전대학교_대전대학교 2024학년도 다층적 융합 학습경험 플랫폼(MILE) 전.pdf']",4
20240723270,0,2024년 기초학문자료센터 시스템 운영 및 연구성과물 DB구축 사업,proj_042,212300000.0,한국연구재단,2024-07-18 12:58:00,2024-07-26 10:00:00,2024-07-30 14:00:00,"- 2024년 기초학문자료센터 시스템 운영 및 연구성과물 DB구축 사업
- 연구사업통합지원시스템(e-R&D)과 연계하여 연구과제 정보 데이터 구축
- 인문사회분야 학술지원사업 연구성과물의 이용자 서비스 효율성 제고
- One-Stop Service 통합 포털 시스템 운영으로 학술연구성과물의 국내외 유통 확산 강화
- 주기적인 학술활동 결과물 수집 및 구축을 통한 서비스 최신성 제고",41,2024-07,proj_042,proj_042,/content/drive/MyDrive/rag_project/Files/proj_042,True,"['/content/drive/MyDrive/rag_project/Files/proj_042/20240723270-00_1721275087943_입찰공고문_2024년 기초학문자료센터 시스템 운영 및 연구성과물 DB구축 사업.pdf', '/content/drive/MyDrive/rag_project/Files/proj_042/한국연구재단_2024년 기초학문자료센터 시스템 운영 및 연구성과물 DB구.pdf']",2
20240723668,0,전문대학 혁신지원사업 서영대학교 차세대 교육혁신지원시스템  3단계 구축 용역 재공고,proj_043,950000000.0,서영대학교 산학협력단,2024-07-18 15:12:00,2024-07-24 09:00:00,2024-07-29 14:00:00,"- 사업 개요: 서영대학교 차세대 교육혁신지원시스템 3단계 구축 사업
- 추진배경 및 사업목적: 대학 비전 실현과 정보서비스 제공, 업무 프로세스 개선을 통한 효율적인 시스템 구축
- 사업범위: 업무 프로세스 표준화, 정보시스템 구축, 시스템 연계 및 연동
- 추진목표: 업무 효율성 향상, UI/UX 환경 구축, 사용자 중심의 정보서비스 제공, 의사결정 지원체계 구축, 최신 IT 기술 접목한 시스템 구축
- 기대효과: 대학 경쟁력 강화, 안정적 시스템 사용 환경 구현, 소통-협업 강화, 정보보안 및 개인정보보호 준수, 시스템 통합",42,2024-07,proj_043,proj_043,/content/drive/MyDrive/rag_project/Files/proj_043,True,"['/content/drive/MyDrive/rag_project/Files/proj_043/20240723668-00_1721282969798_용역 입찰 재공고.pdf', '/content/drive/MyDrive/rag_project/Files/proj_043/서영대학교 산학협력단_전문대학 혁신지원사업 서영대학교 차세대 교육.pdf']",2
20241130016,0,농산물가격안정기금 정부예산회계연계시스템 고도화 용역,proj_044,391542840.0,한국농수산식품유통공사,2024-11-21 11:19:00,2024-11-28 10:00:00,2024-12-03 10:00:00,"- 농산물가격안정기금 정부예산회계연계시스템을 고도화한다.
- 추진배경은 국가결산체계 개편에 따른 시스템 적용 필요성이다.
- 사업범위는 주요 변동사항 시스템 적용 및 결산 프로세스 개선 등이다.
- 기대효과는 국가결산 대비 안정적이고 정확한 결산 업무지원과 업무 효율성 향상이다.
- 추진목표는 농산물가격안정기금 시스템 정보관리체계를 구축하는 것이다.",43,2024-11,proj_044,proj_044,/content/drive/MyDrive/rag_project/Files/proj_044,True,"['/content/drive/MyDrive/rag_project/Files/proj_044/20241130016-00_1732155510463_2. (재공고)입찰공고문(농산물가격안정기금 정부예산회계연계시스템 고도화 용역)_수정.pdf', '/content/drive/MyDrive/rag_project/Files/proj_044/20241130016-00_1732155510467_4. 용역계약특수조건(2024.11.15. 개정).pdf', '/content/drive/MyDrive/rag_project/Files/proj_044/20241130016-00_1732155510469_5. 상생결제시스템 도입 안내.pdf', '/content/drive/MyDrive/rag_project/Files/proj_044/20241130016-00_1732155510474_6. 성과공유제 제도 안내문.pdf', '/content/drive/MyDrive/rag_project/Files/proj_044/한국농수산식품유통공사_농산물가격안정기금 정부예산회계연계시스템 .pdf']",5
20240904268,0,의료기기산업 종합정보시스템(정보관리기관) 기능개선 사업(2차),proj_045,50000000.0,BioIN,2024-09-05 00:00:00,2024-09-13 10:00:00,2024-09-20 10:00:00,"- 사업명: 의료기기산업 종합정보시스템(정보관리기관) 기능개선 사업(올인원 플랫폼 구현 등)
- 추진 배경: 한국보건산업진흥원이 정보관리기관으로 지정되어 혁신의료기기 연구개발 정보를 수집하고 보급하기 위해 필요
- 사업범위: 의료기기 연구개발 관련 정보를 전문적으로 관리하는 기관으로 기능개선 및 올인원 플랫폼 구현
- 기대효과: 의료기기 연구개발의 효율적 촉진, 국내외 혁신의료기기 정보의 체계적이고 종합적인 관리 및 보급
- 추진목표: 한국보건산업진흥원의 정보관리기관 역할 강화, 의료기기산업의 연구개발 지원 강화",44,2024-09,proj_045,proj_045,/content/drive/MyDrive/rag_project/Files/proj_045,True,"['/content/drive/MyDrive/rag_project/Files/proj_045/20240904268-00_1725442346875_[입찰공고서]의료기기산업 종합정보시스템(정보관리기관) 기능개선 사업.pdf', '/content/drive/MyDrive/rag_project/Files/proj_045/한국보건산업진흥원_의료기기산업 종합정보시스템(정보관리기관) 기능.pdf']",2
2024080808001,0,[재공고]차세대 통합정보시스템(ERP) 구축,proj_046,14107009000.0,한국가스공사,2024-08-08 00:00:00,2024-08-12 10:00:00,2024-09-09 15:00:00,"- 사업목적: 기술지원 종료에 대비한 ERP 업그레이드로 안정적 서비스 제공 및 업무생산성 향상
- 주요 사업내용: SAP ERP 전환, 업무 프로세스 개선, 생산공급 시스템 재구축, 전사 포털 및 업무 포털 신규 구축, 업무 프로세스 자산화 및 관리시스템 도입
- 신규 도입 소프트웨어 내역: Process Asset Management System(PAMS) 솔루션, EAI/API 연계 솔루션, SSO 통합 인증 솔루션, 웹전환 솔루션, SAP S/4 HANA 라이선스
- 신규 도입 인프라 내역: S/4 HANA DB 서버, 운영 AP 서버, 개발 서버, SAN 스위치, 스토리지, 네트워크 스위치, LDM 서버, 외부연계 서버, 백업 S/W, 백업 서버, 백업 스토리지",45,2024-08,proj_046,proj_046,/content/drive/MyDrive/rag_project/Files/proj_046,True,['/content/drive/MyDrive/rag_project/Files/proj_046/한국가스공사_[재공고]차세대 통합정보시스템(ERP) 구축.pdf'],1
20240213692,0,2024년 이러닝시스템 운영 용역,proj_047,773801000.0,국민연금공단,2024-02-13 00:00:00,2024-02-21 10:00:00,2024-02-26 10:00:00,"- 사업개요: 2024년 이러닝시스템 운영 용역 제안
- 추진배경: 비대면 교육수요 증가, 직원 역량 강화 필요성
- 사업범위: 교육과정 운영, 이러닝시스템 운영, 콘텐츠 개발ㆍ관리
- 기대효과: 직무 전문성 강화, 직원 역량 강화, 상시 학습 활성화․효율화",46,2024-02,proj_047,proj_047,/content/drive/MyDrive/rag_project/Files/proj_047,True,"['/content/drive/MyDrive/rag_project/Files/proj_047/20240213692-00_1707799014736_1. 긴급입찰공고.pdf', '/content/drive/MyDrive/rag_project/Files/proj_047/국민연금공단_2024년 이러닝시스템 운영 용역.pdf']",2
20240603877,0,사업장 사회보험료 지원 고시 개정에 따른 정보시스템 보완 개발,proj_048,415977877.0,국민연금공단,2024-06-05 00:00:00,2024-06-28 10:00:00,2024-07-02 10:00:00,"- 사업명: 사업장 사회보험료 지원 고시 개정에 따른 정보시스템 보완 개발
- 추진 근거: 보건복지부 국민연금정책과-948(2023.12.29.)호 “소규모사업장 저소득근로자에 대한 연금보험료 지원 등에 관한 고시 등 개정 통보”
- 추진 목표: 사업장 사회보험료 지원에 관한 고시 개정 사항을 적기에 개발-운영하여 시스템 안정화 및 업무처리 효율화 도모
- 주요 개발내용: 소득 관련 시스템 개발 및 보완, 사업장 동일성 인정기준 개선, 일용근로자 지원기준 변경에 따른 자격 및 징수 시스템 개발 및 보완, 사업장 사회보험료 지원 실태조사 시스템 개발 및 보완, 사업장 사회보험료 지원 시스템 보완, 고시 및 법-지침 개정에 따른 사업장 연금보험료 징수 시스템 개발 및 보완",47,2024-06,proj_048,proj_048,/content/drive/MyDrive/rag_project/Files/proj_048,True,"['/content/drive/MyDrive/rag_project/Files/proj_048/20240603877-00_1717484363984_(공고서) 사업장 사회보험료 지원 고시 개정에 따른 정보시스템 보완 개발.pdf', '/content/drive/MyDrive/rag_project/Files/proj_048/국민연금공단_사업장 사회보험료 지원 고시 개정에 따른 정보시스템 보.pdf']",2
20241120435,0,2025년도 중이온가속기용 극저온시스템 운전 용역,proj_049,743070000.0,기초과학연구원,2024-11-15 09:53:00,2024-11-22 10:00:00,2024-11-26 14:00:00,"- 사업 개요: 2025년도 중이온가속기용 극저온시스템 운전 용역
- 추진배경: 안전하고 안정적인 중이온가속기 운영을 위한 극저온시스템 모니터링 및 제어 필요
- 사업범위: 극저온시스템의 운전 업무 수행 (가동기간 및 휴지기간)
- 기대효과: 극저온시스템 안전하고 안정적인 운영, 운전 경험 통합 및 문서화
- 추진목표: 2025년 동안 중이온가속기용 극저온시스템 운전 업무 수행",48,2024-11,proj_049,proj_049,/content/drive/MyDrive/rag_project/Files/proj_049,True,"['/content/drive/MyDrive/rag_project/Files/proj_049/20241120435-00_1731631990718_2.입찰공고문_2024-A1162.pdf', '/content/drive/MyDrive/rag_project/Files/proj_049/20241120435-00_1731631990723_4.기술(규격)평가계획서_2024-A1162.pdf', '/content/drive/MyDrive/rag_project/Files/proj_049/기초과학연구원_2025년도 중이온가속기용 극저온시스템 운전 용역.pdf']",3
20241118572,0,2025년도 행정정보시스템 위탁운영사업,proj_050,102253417.0,중앙선거관리위원회,2024-11-15 11:18:00,2024-11-24 00:00:00,2024-11-26 10:00:00,"- 사업 개요: 2025년도 행정정보시스템 위탁운영 사업
- 추진배경: 행정정보시스템의 안정적 운영환경 조성 및 지원체계 확립
- 사업범위: 행정정보시스템 유지관리 및 운영지원, 헬프데스크 운영
- 기대효과: 행정정보시스템의 안정성 확보 및 사용자 만족도 제고
- 추진목표: 전문 인력 상주 및 기술지원을 통한 시스템의 효율적 유지관리 및 안정적 운영",49,2024-11,proj_050,proj_050,/content/drive/MyDrive/rag_project/Files/proj_050,True,"['/content/drive/MyDrive/rag_project/Files/proj_050/20241118572-00_1731550786111_(재공고서)2025년도 행정정보시스템 위탁운영.pdf', '/content/drive/MyDrive/rag_project/Files/proj_050/중앙선거관리위원회_2025년도 행정정보시스템 위탁운영사업.pdf']",2
20240531013,1,아태 사이버범죄 역량강화 허브(APC-HUB) 홈페이지 및 온라인 교육시스템 고도화 2차사업,proj_051,35750000.0,대검찰청,2024-05-30 10:20:00,2024-05-31 09:30:00,2024-05-31 12:00:00,"- 아태 사이버범죄 역량강화 허브(APC-HUB)의 홈페이지 및 온라인교육시스템을 고도화하는 프로젝트
- 허브는 아시아-태평양 지역에서 사이버범죄 대응 역량을 강화하기 위한 중심지로 역할하며, 온라인 교육과 정보 교환 등을 제공
- 홈페이지 업그레이드 및 보안 강화, 온라인 교육시스템 기능 개선 등을 통해 허브의 기능과 협력을 강화
- 프로젝트는 5개월 동안 진행되며, 제한경쟁입찰과 협상에 의한 계약 방식으로 진행됨
- 자세한 사항은 입찰 공고서를 참고해야 함",50,2024-05,proj_051,proj_051,/content/drive/MyDrive/rag_project/Files/proj_051,True,['/content/drive/MyDrive/rag_project/Files/proj_051/대검찰청_아태 사이버범죄 역량강화 허브(APC-HUB) 홈페이지 및 온라인 교.pdf'],1
20240535775,0,통합정보시스템 고도화 용역,proj_052,140000000.0,한국한의학연구원,2024-05-30 09:04:00,2024-05-30 10:00:00,2024-06-11 11:00:00,"- 사업 개요: 통합정보시스템 고도화 용역으로 기관생명윤리, 동물실험윤리, 국가연구개발사업 연구비 사용기준 준수, 기능개선 등의 사업 범위를 포함한다.
- 추진배경: 기관의 업무 프로세스 구축 및 개선, 통합정보시스템 고도화의 필요성에 기인한다.
- 사업범위: 기관생명윤리, 동물실험윤리, 국가연구개발사업 연구비 사용기준 준수, 연구계획 관리, 전자결재서식 연동, 기능개선 등의 업무를 포함한다.
- 기대효과: 업무 효율성 향상, 자료 관리 및 공유의 편리성, 사용자 편의성을 고려한 시스템 구현 등이 예상된다.
- 추진목표: 기관의 업무 프로세스 구축 및 개선, 통합정보시스템 고도화를 통해 업무 효율성을 향상시키는 것이 목표이다.",51,2024-05,proj_052,proj_052,/content/drive/MyDrive/rag_project/Files/proj_052,True,"['/content/drive/MyDrive/rag_project/Files/proj_052/20240535775-00_1717027426255_01. 입찰공고문.pdf', '/content/drive/MyDrive/rag_project/Files/proj_052/20240535775-00_1717027426262_02. 계약체결기준.pdf', '/content/drive/MyDrive/rag_project/Files/proj_052/20240535775-00_1717027426266_03. 용역계약일반조건,특수조건.pdf', '/content/drive/MyDrive/rag_project/Files/proj_052/20240535775-00_1717027426268_04. 용역입찰유의서.pdf', '/content/drive/MyDrive/rag_project/Files/proj_052/한국한의학연구원_통합정보시스템 고도화 용역.pdf']",5
20240539319,0,한국어촌어항공단 경영관리시스템(ERP·GW) 기능 고도화 용역,proj_053,397000000.0,한국어촌어항공단,2024-05-30 09:29:00,2024-05-30 09:30:00,2024-05-30 11:00:00,"- 사업개요: 차세대 경영관리시스템(ERP-GW) 기능 고도화 용역
- 추진배경: 공단의 업무 효율성 개선, 사업관리 기능 강화, 경영 효율화, 정보시스템 개선
- 사업범위: ERP 시스템 기능 고도화, 그룹웨어 시스템 기능 고도화, 보안 취약점 개선
- 기대효과: 의사결정 속도 및 정확성 개선, 업무 효율화, 시스템 환경 대응력 강화
- 추진목표: 업무 프로세스 표준화, 정보․프로세스 연계공유, 프로세스 자산 관리체계 수립",52,2024-05,proj_053,proj_053,/content/drive/MyDrive/rag_project/Files/proj_053,True,['/content/drive/MyDrive/rag_project/Files/proj_053/한국어촌어항공단_한국어촌어항공단 경영관리시스템(ERP·GW) 기능 고도.pdf'],1
20240539643,0,2세대 전자조달시스템  기반구축사업,proj_054,94000000.0,한국생산기술연구원,2024-05-30 11:00:00,2024-05-30 13:00:00,2024-05-30 15:00:00,"- 사업명: 2세대 전자조달시스템 기반구축사업
- 추진목적: 차세대 나라장터 개통에 대비하여 구매조달 업무 연속성 확보 및 시스템 개선
- 추진전략: 2세대 전자조달 연계 모듈 설계 및 구축, 구매조달 업무처리 프로세스 분석 및 협의체계 구축
- 과업내용: 조달청 차세대나라장터와 내부 구매조달시스템 연계 모듈 구축, 전자문서 개발 및 기관 내부 구매조달시스템 개발, 기존 연계데이터 이관작업
- 상세 요구사항: 총 56개의 요구사항으로 이뤄져 있으며, 기능, 성능, 인터페이스, 데이터, 테스트, 보안, 품질, 제약사항, 프로젝트관리, 프로젝트지원 등의 요구사항이 포함됨",53,2024-05,proj_054,proj_054,/content/drive/MyDrive/rag_project/Files/proj_054,True,['/content/drive/MyDrive/rag_project/Files/proj_054/한국생산기술연구원_2세대 전자조달시스템  기반구축사업.pdf'],1
20240611568,0,서민금융진흥원 서민금융 채팅 상담시스템 구축,proj_055,230000000.0,서민금융진흥원,2024-06-11 09:40:00,2024-06-11 10:00:00,2024-06-24 16:00:00,"- 사업 개요: 서민금융진흥원에서는 서민금융 채팅 상담 시스템을 구축하고자 함. 
- 추진배경: 1397 콜센터의 상담 요청에 대한 상담시간 적체 예방과 서민금융 수요자에게 다양한 상담채널을 제공하기 위함. 
- 사업범위: 웹기반 자체 채팅 기능 구축, 채팅상담과 전화상담을 통한 실시간 상담 서비스 제공, 상담원의 다중 상담 기능 제공 등. 
- 기대효과: 콜센터 이용 만족도 향상, 상담시간 적체 예방, 서민금융 수요자에게 다양한 상담채널 제공 등. 
- 추진목표: 서민금융 채팅 상담 시스템 구축 및 운영.",54,2024-06,proj_055,proj_055,/content/drive/MyDrive/rag_project/Files/proj_055,True,"['/content/drive/MyDrive/rag_project/Files/proj_055/20240611568-00_1718066268160_1. 입찰공고문_채팅상담시스템 .pdf', '/content/drive/MyDrive/rag_project/Files/proj_055/20240611568-00_1718066268173_3._긴급입찰사유서.pdf', '/content/drive/MyDrive/rag_project/Files/proj_055/서민금융진흥원_서민금융진흥원 서민금융 채팅 상담시스템 구축.pdf']",3
20240611774,0,2024년 BIFF & ACFM 온라인서비스 재개발 및 행사지원시스템 공급 용역 입찰 공고의 건,proj_056,243000000.0,(사)부산국제영화제,2024-06-11 10:36:00,2024-06-11 11:00:00,2024-07-02 16:00:00,#NAME?,55,2024-06,proj_056,proj_056,/content/drive/MyDrive/rag_project/Files/proj_056,True,"['/content/drive/MyDrive/rag_project/Files/proj_056/(사)부산국제영화제_2024년 BIFF & ACFM 온라인서비스 재개발 및 행사지원시.pdf', '/content/drive/MyDrive/rag_project/Files/proj_056/20240611774-00_1718069501757_01. 입찰공고문_2024년 BIFF,ACFM 온라인서비스 재개발 및 행사지원시스템 공급 용역 사업.pdf']",2
20240605067,0,수협중앙회 수산물사이버직매장 시스템 재구축 ISMP 수립 입찰 공고,proj_057,300000000.0,수협중앙회,2024-06-05 10:02:00,2024-06-05 10:02:00,2024-07-02 13:00:00,"- 사업개요: 수협중앙회 수산물 사이버직매장 재구축을 위한 ISMP 수립 제안 요청서
- 추진배경: 정보시스템 노후화로 인한 장애 위험, 유지관리 한계, 보안 및 업무 효율 문제 등
- 사업범위: 사이버직매장 시스템 구축 및 고도화
- 기대효과: 쾌적하고 스마트한 온라인 쇼핑 환경 구축, 업무 프로세스 개선, 중앙회-회원조합 간 상생 플랫폼 구축
- 추진목표: 온라인 쇼핑 환경 개선, 업무프로세스 개선, 온-오프라인 상생 플랫폼 구축",56,2024-06,proj_057,proj_057,/content/drive/MyDrive/rag_project/Files/proj_057,True,"['/content/drive/MyDrive/rag_project/Files/proj_057/20240605067-00_1717549354817_붙임1. 수산물사이버직매장시스템 재구축 IMSP 수립 용역 입찰공고문_최종v2_공고일.pdf', '/content/drive/MyDrive/rag_project/Files/proj_057/수협중앙회_수협중앙회 수산물사이버직매장 시스템 재구축 ISMP 수립 입.pdf']",2
20240605351,0,기업 재생에너지 지원센터 홈페이지 개편 및 시스템 고도화 사업,proj_058,57000000.0,대한상공회의소,2024-06-05 11:12:00,2024-06-05 11:12:00,2024-06-14 14:00:00,"- 기업 재생에너지 지원센터 홈페이지 개편 및 시스템 고도화 사업
- 재생에너지 거래를 위한 수요기업과 공급기업간 매칭시스템 고도화
- 기업 재생에너지 지원센터 사업 홍보 및 홈페이지 콘텐츠 보강
- 시스템 기능 개선, 콘텐츠 추가 및 보강, 홈페이지 디자인 개선, 관리자 기능 강화 및 통계 시스템 구축, 기타 플랫폼 연계 지원
- 개인정보보호 요구사항 준수, 시스템 사용 및 유지보수 지원",57,2024-06,proj_058,proj_058,/content/drive/MyDrive/rag_project/Files/proj_058,True,"['/content/drive/MyDrive/rag_project/Files/proj_058/20240605351-00_1717553431212_입찰공고문.pdf', '/content/drive/MyDrive/rag_project/Files/proj_058/대한상공회의소_기업 재생에너지 지원센터 홈페이지 개편 및 시스템 고.pdf']",2
20240605366,0,2024년도 평택시 버스정보시스템(BIS) 구축사업,proj_059,999494600.0,경기도 평택시,2024-06-05 11:15:00,2024-06-13 10:00:00,2024-06-17 10:00:00,"- 사업개요: 2024년도 평택시 버스정보시스템(BIS) 구축사업 용역
- 추진배경: 대중교통 서비스 개선과 광역 버스정보시스템 구축사업의 호환성과 상호 운영성 확보
- 사업범위: 평택시 전역의 버스정류장 안내단말기 확충, 모든 버스의 정보를 제공하는 시스템 구축
- 기대효과: 대중교통 서비스의 질 향상, 광역 버스정보시스템과의 호환성 및 상호 운영성 확보
- 추진목표: 평택시 버스정보시스템(BIS) 구축 및 운영, 버스정보 제공 대상 확대",58,2024-06,proj_059,proj_059,/content/drive/MyDrive/rag_project/Files/proj_059,True,"['/content/drive/MyDrive/rag_project/Files/proj_059/20240605366-00_1717553687876_240605 평택(회계) 협상에의한계약 입찰공고[2024년도 평택시 버스정보시스템(BIS) 구축사업 용역].pdf', '/content/drive/MyDrive/rag_project/Files/proj_059/20240605366-00_1717553687882_긴급입찰공고 사유서[2024년도 평택시 버스정보시스템(BIS) 구축사업 용역].pdf', '/content/drive/MyDrive/rag_project/Files/proj_059/경기도 평택시_2024년도 평택시 버스정보시스템(BIS) 구축사업.pdf']",3
20241211469,2,평택시 강소형 스마트시티 AI 기반의 영상감시 시스템 및 홍수감시 시스템 연동 개발,proj_060,341000000.0,케빈랩 주식회사,2024-12-10 17:16:00,2024-12-06 00:00:00,2024-12-16 11:00:00,"- 추진배경: 2023 평택시 강소형 스마트시티 조성사업 공모 선정 성과를 성공적으로 전개하기 위해 추진되는 사업. 다양한 설치 시설물의 원활한 운영을 위한 효과적인 운영 관리 기법 필요. AI 플랫폼 도입을 통한 다양한 영상 데이터 분석 시스템 필요.
- 사업범위: 영상 AI감지 및 홍수감시 연동 시스템 구축을 통한 실시간 현장 영상 중계 및 커뮤니케이션 플랫폼 개발, 홍수감시를 위한 CCTV 연동 시스템 구축, AI영상기반 도시데이터 수집 중계 플랫폼 개발 등 다양한 사업 범위 포함.
- 기대효과: 영상을 통한 사고 예방, 증거채증, 상태 관리 등의 효과, 평택시 강소형 스마트시티 조성사업의 연계 사업을 위한 데이터 제공, 통합관제 시스템과의 연동을 통한 정확도 및 신뢰도 향상.
- 추진목표: 계약체결일로부터 2025년 12월 31일까지 사업을 완료하는 것.",59,2024-12,proj_060,proj_060,/content/drive/MyDrive/rag_project/Files/proj_060,True,"['/content/drive/MyDrive/rag_project/Files/proj_060/20241211469-02_1733818400168_공고문_평택시 강소형 스마트시티 조성사업 영상 AI감지 및 홍수감시 연동시스템 구축사업.pdf', '/content/drive/MyDrive/rag_project/Files/proj_060/케빈랩 주식회사_평택시 강소형 스마트시티 AI 기반의 영상감시 시스템 .pdf']",2
20241217596,0,한국로봇산업진흥원 사업관리시스템 온라인평가 체계 구축,proj_061,77241000.0,한국로봇산업진흥원,2024-12-10 15:18:00,2024-12-11 09:00:00,2024-12-11 12:00:00,"- 사업명: 한국로봇산업진흥원 사업관리시스템 온라인평가 체계 구축
- 추진배경 및 필요성: 지원사업의 평가업무 비효율 및 통합 관리 필요, 업무처리 효율성 향상과 행정처리 업무 간소화, 평가 업무의 투명성 제고, 범용적인 평가 시스템 구축
- 사업범위: 온라인 평가 시스템 구축, 정보화 프로세스 정립, 평가위원 관리 및 추천 시스템 구축, 평가업무 관리 체계 강화
- 기대효과: 평가자료 전산화로 정보 유출 방지, 사업관리시스템 신뢰도 강화, 행정업무 효율성 강화, 평가위원 선정 투명성 극대화",60,2024-12,proj_061,proj_061,/content/drive/MyDrive/rag_project/Files/proj_061,True,['/content/drive/MyDrive/rag_project/Files/proj_061/한국로봇산업진흥원_한국로봇산업진흥원 사업관리시스템 온라인평가 .pdf'],1
20241218257,0,2025년 아이돌봄인력 인적성 검사 정보시스템 운영,proj_062,172700000.0,한국건강가정진흥원,2024-12-10 17:43:00,2024-12-10 18:00:00,2024-12-23 10:00:00,"- 추진배경: 국정과제인 아동돌봄체계 강화와 개인정보보호법 준수를 위해 아이돌봄인력 인적성 검사 정보시스템 운영 필요
- 사업개요: 2025년까지 아이돌봄인력 인적성 검사 정보시스템 운영 및 유지보수
- 사업범위: 인-적성 프로그램 기능 수정 및 안정화, 정보시스템 유지관리, 개인정보보호 및 정보보안 강화
- 기대효과: 안전한 돌봄 환경 조성, 효율성 제고, 정책지원 및 제도개선 지원, 돌봄인력 관리 강화",61,2024-12,proj_062,proj_062,/content/drive/MyDrive/rag_project/Files/proj_062,True,"['/content/drive/MyDrive/rag_project/Files/proj_062/20241218257-00_1733820105399_[공고문]2025년 아이돌봄인력 인적성 검사 정보시스템 운영.pdf', '/content/drive/MyDrive/rag_project/Files/proj_062/한국건강가정진흥원_2025년 아이돌봄인력 인적성 검사 정보시스템 운영.pdf']",2
20240541684,0,네팔 수자원관리 정보화사업-Pilot 시스템 구축용역,proj_063,181913000.0,한국농어촌공사,2024-05-31 13:21:00,2024-05-31 16:00:00,2024-05-31 17:00:00,"- 사업개요: 네팔 수자원관리 정보화사업 - Pilot 시스템을 구축하여 물관리 현황 및 분석 체계를 개선하고 네팔 정부의 통합물관리기술 도입을 위한 현실성을 구현한다.
- 추진배경: 이기종 자료 수집-관리를 위한 자동계측체계 시연, 통합물관리기술의 확대 적용 기회 마련, 네팔 정부의 물관리 및 ICT 기술역량 강화
- 사업내용: GIS 기반 Pilot 시스템 구축, 계측장비 데이터 수집 및 표출 구현, 모바일 기반 자료입력 모듈 구현, 현장 계측기기 설치
- 추진목표: 다양한 자동계측기기와 ICT 기술 도입으로 실시간 물관리 현황 및 분석 체계 시연 및 데이터 기반의 과학적 물관리 기술전수를 통한 네팔 정부의 통합물관리기술 본격 도입을 위한 현실성 구현
- 사업범위: GIS 시스템 구축 및 자동계측기기를 이용한 데이터 수집 및 표출 관리",62,2024-05,proj_063,proj_063,/content/drive/MyDrive/rag_project/Files/proj_063,True,['/content/drive/MyDrive/rag_project/Files/proj_063/한국농어촌공사_네팔 수자원관리 정보화사업-Pilot 시스템 구축용역.pdf'],1
20240541779,0,종량제봉투 판매관리 전산시스템 개선사업,proj_064,55000000.0,파주도시관광공사,2024-05-31 13:54:00,2024-05-31 14:00:00,2024-06-11 14:00:00,"- 종량제봉투 판매관리 전산시스템 개선: 기존 시스템의 노후화에 따른 문제점을 분석하여 효율적인 판매관리 및 재고/통계자료 산출을 개선함
- 인터넷 주문, 결제 시스템 구축: 가상계좌 결제 시스템 도입, 인터넷 주문시스템 구축으로 맞춤형 서비스 제공 및 지정판매소 위치조회를 통한 시민 편의성 증대
- 종량제물품 지정판매소 위치조회서비스 구축: 최근 3개월간 구매이력을 통해 지정판매소 위치 조회 서비스 제공
- 경영분석 Chart 서비스 구축: 누적된 판매 데이터를 분석하여 다양한 그래프(차트) 조회 서비스 제공
- 소프트웨어 사업자로 등록한 업체로서 자격조건 충족하여 참여 가능",63,2024-05,proj_064,proj_064,/content/drive/MyDrive/rag_project/Files/proj_064,True,"['/content/drive/MyDrive/rag_project/Files/proj_064/20240541779-00_1717130766858_공고문.pdf', '/content/drive/MyDrive/rag_project/Files/proj_064/20240541779-00_1717130766863_과업내용서.pdf', '/content/drive/MyDrive/rag_project/Files/proj_064/파주도시관광공사_종량제봉투 판매관리 전산시스템 개선사업.pdf']",3
20241207733,0,국립인천해양박물관 해양자료관리시스템 구축 용역(장기계속계약),proj_065,137000000.0,국립인천해양박물관,2024-12-04 18:03:00,2024-12-04 18:10:00,2024-12-16 10:00:00,"- 사업개요: 국립인천해양박물관 해양자료관리시스템 구축 용역
- 추진배경 및 필요성: 국립인천해양박물관의 소장자료DB 및 디지털자료의 영구적 저장 및 체계적인 관리를 위한 웹기반의 해양자료관리시스템 필요
- 사업범위: 웹 기반의 해양자료관리시스템 구축, 클라우드 기반의 전산환경 인프라 구축, 보안관제 강화, 소장자료DB 이전, 관리자 및 실무자 교육
- 기대효과: 소장자료DB를 직접 입력-관리-검색하는 기능 제공, 소장자료에 대한 보안성 증대, 자료의 출-격납 및 보존상태에 대한 정보 확인 가능",64,2024-12,proj_065,proj_065,/content/drive/MyDrive/rag_project/Files/proj_065,True,"['/content/drive/MyDrive/rag_project/Files/proj_065/20241207733-00_1733302902143_입찰공고문.pdf', '/content/drive/MyDrive/rag_project/Files/proj_065/국립인천해양박물관_국립인천해양박물관 해양자료관리시스템 구축 용.pdf']",2
20240531285,0,국가교육과정정보센터(NCIC) 시스템 운영 및 개선,proj_066,50000000.0,한국교육과정평가원,2024-05-24 09:47:00,2024-06-12 10:00:00,2024-06-14 11:00:00,"- 사업추진 개요: NCIC 시스템의 운영 및 개선을 위한 제안 요청서
- 추진 배경 및 목적: 국가교육과정 정보의 현행화, 접근성 제고 등 대국민 정보 제공 서비스 강화
- 사업 범위: 웹사이트 고도화 및 유지보수, 데이터 누적 및 관리 체계 구축
- 기대 효과: 표준 시스템 적용, 교육정책 현장 착안, 데이터 관리 체계화
- 추진 방안: 최신 기술 도입, 효율적인 관리-운영 계획 수립, 표준화 측면 고려
- 제안요청 사항: 과업내용 이해 및 제안목적 제시, 프로젝트 관리방안 제시
- 상세 요구사항: 기능, 성능, 운영 및 유지관리, 데이터, 보안, 테스트, 품질, 제약사항, 프로젝트 관리 및 지원 요구사항",65,2024-05,proj_066,proj_066,/content/drive/MyDrive/rag_project/Files/proj_066,True,"['/content/drive/MyDrive/rag_project/Files/proj_066/20240531285-00_1716510986246_입찰공고문.pdf', '/content/drive/MyDrive/rag_project/Files/proj_066/20240531285-00_1716510986253_청렴계약 입찰특별유의서.pdf', '/content/drive/MyDrive/rag_project/Files/proj_066/20240531285-00_1716510986255_청렴공정계약 특수조건 및 이행서약서, 인권경영 및 안전보건확보 이행서약서.pdf', '/content/drive/MyDrive/rag_project/Files/proj_066/한국교육과정평가원_국가교육과정정보센터(NCIC) 시스템 운영 및 개선.pdf']",4
20240531160,0,"(재공고, 협상) 서울 디지털성범죄 안심지원센터 업무시스템 및 AI 기반 삭제지원시스템 통합",proj_067,336403000.0,서울특별시 여성가족재단,2024-05-24 10:24:00,2024-05-24 14:00:00,2024-06-04 14:00:00,"- 사업개요: 서울 디지털성범죄 안심지원센터 업무시스템 및 AI 기반 삭제지원 시스템 통합
- 추진배경 및 필요성: 디지털 성범죄 증가로 인한 대응 강화 필요
- 사업범위: AI 삭제지원 분산환경 인프라 및 통합 업무시스템 구축
- 기대효과: 피해지원 업무 효율성과 보안 강화, 통계정보 고도화
- 추진목표: 피해시민 관점 피해지원 예방-대응 강화, 신-변종 범죄치해 분석 및 대응체계 구축",66,2024-05,proj_067,proj_067,/content/drive/MyDrive/rag_project/Files/proj_067,True,"['/content/drive/MyDrive/rag_project/Files/proj_067/20240531160-00_1716508225549_1. 입찰공고문_제2024-052호.pdf', '/content/drive/MyDrive/rag_project/Files/proj_067/서울특별시 여성가족재단_(재공고, 협상) 서울 디지털성범죄 안심지원센.pdf']",2
20240531542,0,(긴급)「2024년도 차세대 응급의료 상황관리시스템 구축」 위탁용역,proj_068,1400000000.0,국립중앙의료원,2024-05-24 11:09:00,2024-05-27 11:00:00,2024-06-04 11:00:00,"- 사업개요: 2024년도에 국립중앙의료원에서 차세대 응급의료 상황관리시스템을 구축하는 사업
- 추진배경: 최근 응급실 섭외 지연으로 인한 문제 발생 및 병원 간 응급환자 전원이 취약한 상황
- 사업범위: 전국 병원 간 전원 및 재난 조정 업무를 위한 콜센터 구축 및 통신장비 도입
- 기대효과: 신속하고 적절한 이송기관 선정, 환자 안전성 향상, 신속한 응급상황 대응, 응급의료 정보 충실도 향상
- 추진목표: 응급환자의 예후 향상, 응급의료 모니터링 및 질 관리, 신속한 응급상황 대응, 응급의료 정보 충실도 향상",67,2024-05,proj_068,proj_068,/content/drive/MyDrive/rag_project/Files/proj_068,True,"['/content/drive/MyDrive/rag_project/Files/proj_068/20240531542-00_1716516541069_1. 입찰공고문_(긴급)「2024년도 차세대 응급의료 상황관리시스템 구축」.pdf', '/content/drive/MyDrive/rag_project/Files/proj_068/20240531542-00_1716516541074_붙임7.개인정보처리 위탁 계약서.pdf', '/content/drive/MyDrive/rag_project/Files/proj_068/20240531542-00_1716516541078_붙임8.정보화 용역계약 특수조건(법령최신화).pdf', '/content/drive/MyDrive/rag_project/Files/proj_068/국립중앙의료원_(긴급)「2024년도 차세대 응급의료 상황관리시스템 구축.pdf']",4
2024-02-000454,1,철도인프라 디지털트윈 정보화전략계획(ISP) 수립 용역(변경공고),proj_069,689480000.0,국가철도공단,2024-08-13 00:00:00,2024-10-04 09:00:00,2024-10-08 14:00:00,"- 사업 개요: 철도인프라 디지털트윈 정보화전략계획(ISP) 수립
- 추진배경: 디지털트윈 기술을 통해 철도 생애주기의 데이터 중심 의사결정, 철도 산업 생태계 활성화 필요
- 사업범위: 국내외 디지털트윈 현황 및 환경 분석, 표준정보체계 구축 방안, 공단 레거시 시스템 연계성 도출, 플랫폼 구축 방안, 경영전략 및 중장기 로드맵 수립
- 기대효과: 초연결 스마트 철도 구축, 철도 인프라 경영 혁신, 유지보수 효율성 제고, 세계 철도시장 진출
- 추진목표: 컨설팅, 데이터, 보안, 품질, 제약사항, 프로젝트 관리 요구사항 수행",68,2024-08,proj_069,proj_069,/content/drive/MyDrive/rag_project/Files/proj_069,True,"['/content/drive/MyDrive/rag_project/Files/proj_069/(변경) 입찰공고문_철도인프라 디지털트윈 정보화전략계획(ISP) 수립 용역 (1).pdf', '/content/drive/MyDrive/rag_project/Files/proj_069/2. 용역설계서 (3).pdf', '/content/drive/MyDrive/rag_project/Files/proj_069/5. 정부 입찰·계약 집행기준(20240430).pdf', '/content/drive/MyDrive/rag_project/Files/proj_069/6. 협상에의한계약체결세부기준_2024-04-23.pdf', '/content/drive/MyDrive/rag_project/Files/proj_069/7. 용역계약일반조건(20211201).pdf', '/content/drive/MyDrive/rag_project/Files/proj_069/8-2. 청렴계약특수조건(20230818).pdf', '/content/drive/MyDrive/rag_project/Files/proj_069/국가철도공단_철도인프라 디지털트윈 정보화전략계획(ISP) 수립 용역(변.pdf', '/content/drive/MyDrive/rag_project/Files/proj_069/복수예비가격 산정기준_2021-11-17.pdf']",8
9245592,0,[재공고][긴급][협상형]운행정보기록 자동분석시스템 개량,proj_070,0.0,한국철도공사 (용역),2024-08-12 00:00:00,2024-08-21 00:00:00,2024-08-23 00:00:00,"- 사업 개요: 운행정보기록 자동분석시스템 개량
- 추진배경: 기존 시스템의 정합성 부족 및 신조차량에 대한 자동분석 필요
- 사업범위: 기존 자동분석 개선, 신조차량 분석 기능 추가, 운행정보 시스템 서버 구축 등
- 기대효과: 사고장애 예방, 교육효과 증대, 업무량 경감
- 추진목표: 기능 개선, 대상 차종 추가, 성능 개선, 인터페이스 개선, 데이터 관리 개선, 테스트 및 보안 요구사항 충족",69,2024-08,proj_070,proj_070,/content/drive/MyDrive/rag_project/Files/proj_070,True,"['/content/drive/MyDrive/rag_project/Files/proj_070/(계약예규) 용역계약일반조건.pdf', '/content/drive/MyDrive/rag_project/Files/proj_070/선금지급 조건.pdf', '/content/drive/MyDrive/rag_project/Files/proj_070/설계서.pdf', '/content/drive/MyDrive/rag_project/Files/proj_070/안전계약 특수조건.pdf', '/content/drive/MyDrive/rag_project/Files/proj_070/재공고문(운행정보기록자동분석시스템개량).pdf', '/content/drive/MyDrive/rag_project/Files/proj_070/전자입찰 특별유의서.pdf', '/content/drive/MyDrive/rag_project/Files/proj_070/전자조달시스템 이용약관.pdf', '/content/drive/MyDrive/rag_project/Files/proj_070/한국철도공사 (용역)_[재공고][긴급][협상형]운행정보기록 자동분석시스.pdf']",8
20241014232,0,우즈벡-키르기즈스탄 기후변화대응 스마트 관개시스템 구축사업,proj_071,5031000000.0,사단법인아시아물위원회사무국,2024-10-22 09:39:00,2024-10-22 09:40:00,2024-11-04 17:00:00,"- 사업명: 우즈벡-키르기즈스탄 기후변화대응 스마트 관개시스템 구축사업
- 사업목적: 키르기즈스탄과 우즈베키스탄의 취약 지역에 스마트 기술을 도입하여 기후 및 재해 회복력을 강화
- 사업성과 목표: 지역적 기후 회복력 강화, 홍수 및 가뭄 관리에 혁신적인 스마트 기술 도입, 소득 창출 및 녹색 일자리 창출 개선
- 사업범위: 양수장 및 수문시설 설계 및 시공, 기자재 지원, 전문가 파견, 사업관리",70,2024-10,proj_071,proj_071,/content/drive/MyDrive/rag_project/Files/proj_071,True,"['/content/drive/MyDrive/rag_project/Files/proj_071/20241014232-00_1729553259682_2. 용역개요.pdf', '/content/drive/MyDrive/rag_project/Files/proj_071/20241014232-00_1729553259689_3. 계약대상자결정의견서.pdf', '/content/drive/MyDrive/rag_project/Files/proj_071/20241014232-00_1729553259700_5. 과업지시서.pdf', '/content/drive/MyDrive/rag_project/Files/proj_071/사단법인아시아물위원회사무국_우즈벡-키르기즈스탄 기후변화대응 스.pdf']",4
20241030067,0,실시간통합연구비관리시스템(RCMS)  연계 모듈 변경 사업,proj_072,54450000.0,광주과학기술원,2024-10-28 10:07:00,2024-10-28 10:07:00,2024-11-08 15:00:00,"- 사업개요: 실시간통합연구비관리시스템(RCMS) 연계모듈 변경 사업
- 추진배경: 연구 비목 및 세목 변경으로 인한 연계 전송 오류 발생, 행정절차 간소화 필요
- 사업범위: ZEUS-RCMS 연계 모듈 변경, 부가세 연구과제 전송 개선
- 기대효과: 업무 편의성 제고, 업무효율성 극대화, 사용자 편의성 증대
- 추진목표: 업무 편리성 제고, 업무효율성 극대화, 사용자 편의성 증대, 조직 간 연동 서비스 제공",71,2024-10,proj_072,proj_072,/content/drive/MyDrive/rag_project/Files/proj_072,True,"['/content/drive/MyDrive/rag_project/Files/proj_072/20241030067-00_1730077627853_용역 2024-065호 공고문(협상) - 실시간통합연구비관리시스템(RCMS) 연계모듈 변경 사업.pdf', '/content/drive/MyDrive/rag_project/Files/proj_072/광주과학기술원_실시간통합연구비관리시스템(RCMS)  연계 모듈 변경 사업.pdf']",2
20241021784,0,광주정책연구아카이브(GPA) 시스템 개발,proj_073,43000000.0,재단법인 광주연구원,2024-10-28 11:05:00,2024-11-06 10:00:00,2024-11-08 17:00:00,"- 광주정책연구아카이브(GPA) 시스템 개발 사업
- 추진배경: 광주시 정책 연구자료를 한 곳에 집적하여 공유하는 플랫폼 필요
- 사업범위: 광주연구원이 허브사이트 개발 및 운영, 회원 기관은 Open API 기반의 프로그램 개발 구현
- 기대효과: 광주시 정책연구 결과를 집대성하고 관련 기관의 발주 연구 결과물을 한 곳에 모음
- 추진목표: 시범 운영 후 확장성 있는 서비스로 구현하여 추가 기관 참여 가능",72,2024-10,proj_073,proj_073,/content/drive/MyDrive/rag_project/Files/proj_073,True,"['/content/drive/MyDrive/rag_project/Files/proj_073/20241021784-00_1730080624096_공고문_광주정책연구아카이브(GPA) 시스템 개발.pdf', '/content/drive/MyDrive/rag_project/Files/proj_073/재단법인 광주연구원_광주정책연구아카이브(GPA) 시스템 개발.pdf']",2
20240633082,0,호계체육관 배드민턴장 및 탁구장 예약시스템 구축 용역,proj_074,49500000.0,경기도 안양시,2024-06-24 19:50:00,2024-07-05 09:00:00,2024-07-05 17:00:00,"- 사업 개요: 호계체육관 배드민턴장 및 탁구장 예약 시스템 구축
- 추진 배경: 고객의 요구사항을 반영하기 위한 웹 기반의 예약 시스템 필요, 운영 효율성 및 편리성 향상 필요, 시설 이용객 다양성 확보 필요, 시설관리 대책 마련 필요, 개인정보보호법에 맞는 회원관리 프로그램 필요
- 사업 범위: 웹 기반의 예약 시스템 구축, 키오스크 서비스 구축
- 기대 효과: 이용의 편의성 제공, 서비스 품질 강화, 언택트 운영 실현
- 추진 목표: 사용자 편리성 증대, 업무 효율성 증가, 신뢰성 있는 서비스 제공",73,2024-06,proj_074,proj_074,/content/drive/MyDrive/rag_project/Files/proj_074,True,"['/content/drive/MyDrive/rag_project/Files/proj_074/20240633082-00_1719226023647_공고문.pdf', '/content/drive/MyDrive/rag_project/Files/proj_074/경기도 안양시_호계체육관 배드민턴장 및 탁구장 예약시스템 구축 용역.pdf']",2
20241015084,0,[혁신-국고] 남서울대학교 스마트 정보시스템 활성화(학사행정 암호화) 개발 용역 입찰,proj_075,70000000.0,남서울대학교,2024-10-16 09:43:00,2024-10-16 09:43:00,2024-10-23 14:00:00,"- 사업 개요: [혁신-국고]스마트 정보시스템 활성화(학사행정 암호화) 사업으로, 학사포털 시스템에 파일 암호화를 적용하여 개인정보 보호를 강화하고자 함
- 추진배경: 개인 정보와 연관된 민감한 파일 자료를 보관해야 하는데, 현재 파일 암호화가 되어있지 않아 개인정보 유출 사고 가능성이 큼
- 사업범위: 기존 파일에 대한 암호화 적용 및 학사포털 시스템에 파일 암/복호화 모듈 적용
- 기대효과: 개인정보 유출 사고 방지 및 보안 강화
- 추진목표: 보안 강화를 위해 파일 암호화 솔루션 적용 및 기존 시스템에 암/복호화 모듈 적용",74,2024-10,proj_075,proj_075,/content/drive/MyDrive/rag_project/Files/proj_075,True,"['/content/drive/MyDrive/rag_project/Files/proj_075/1. [혁신-국고]스마트 정보시스템 활성화(학사행정 암호화)_재공고문.pdf', '/content/drive/MyDrive/rag_project/Files/proj_075/3. [혁신-국고]스마트 정보시스템 활성화(학사행정 암호화)_입찰 관련 양식.pdf', '/content/drive/MyDrive/rag_project/Files/proj_075/남서울대학교_[혁신-국고] 남서울대학교 스마트 정보시스템 활성화(학사.pdf']",3
20240446926,0,꿀 품질평가 전산시스템 기능개선 사업,proj_076,49000000.0,축산물품질평가원,2024-04-30 11:27:00,2024-04-30 12:00:00,2024-05-17 10:00:00,"- 사업개요: 꿀 품질평가 전산시스템 기능개선 사업
- 추진배경: 법령 개정 및 업무 효율화 필요
- 사업범위: 시스템 개선, 등급판정 업무 효율화, 정보 제공 등
- 기대효과: 업무 효율성 향상, 제도 신뢰성 제고, 데이터 관리 강화
- 추진목표: 법령 및 지침 변경사항 반영, 기능 추가 및 개선, 사용자 편의성 향상",75,2024-04,proj_076,proj_076,/content/drive/MyDrive/rag_project/Files/proj_076,True,"['/content/drive/MyDrive/rag_project/Files/proj_076/20240446926-00_1714443948212_붙임2 꿀 품질평가 전산시스템 기능개선 용역 입찰공고서.pdf', '/content/drive/MyDrive/rag_project/Files/proj_076/축산물품질평가원_꿀 품질평가 전산시스템 기능개선 사업.pdf']",2
20240623903,0,IP-NAVI  해외지식재산센터 사업관리 시스템 기능개선,proj_077,60000000.0,한국지식재산보호원,2024-06-18 13:59:00,2024-06-18 14:00:00,2024-07-02 10:00:00,"- 사업개요: IP-NAVI 해외지식재산센터 사업관리 시스템 기능개선
- 추진목적: 해외지식재산센터의 현지 법률서비스 지원사업 관리 및 실적 통합관리, 온라인 상담창구 구축
- 사업추진계획: 추진방향 설계, 관리자 시스템 개발, 실적 통합관리 기능 추가, 상담창구 구축
- 제안요청 내용: 지원사업 관리 기능 추가, 관리자 시스템의 실적 통합관리 기능 추가, 상담창구 구축
- 제안서 작성요령: 제안서 작성지침 및 유의사항 준수, 명확한 용어 사용, 객관적인 자료 제출, 기타 규정 따름",76,2024-06,proj_077,proj_077,/content/drive/MyDrive/rag_project/Files/proj_077,True,"['/content/drive/MyDrive/rag_project/Files/proj_077/20240623903-00_1718686617631_[붙임1] IP-NAVI 해외지식재산센터 사업관리 시스템 기능개선 사업 입찰공고문.pdf', '/content/drive/MyDrive/rag_project/Files/proj_077/한국지식재산보호원_IP-NAVI  해외지식재산센터 사업관리 시스템 기능개.pdf']",2
20240624332,0,인천공항운영서비스㈜ 차세대 ERP시스템 구축 사업(재공고),proj_078,1095991600.0,인천공항운영서비스(주),2024-06-18 15:37:00,2024-06-18 17:00:00,2024-07-02 14:00:00,"- 사업명: 인천공항운영서비스 차세대 ERP시스템 구축 사업
- 사업기간: 9개월 (안정화 기간 포함)
- 사업예산: 996,356,000원
- 계약방법: 제한경쟁입찰(협상에 의한 계약)
- 주요 시스템 구축-운영 현황: ERP 시스템과 그룹웨어 시스템 운영 중
- 사업 추진방안: 차세대 시스템의 필요성, 사업 추진 방향, 추진 체계, 일정 등을 반영하여 사업을 추진하고 업무 효율화와 혁신적인 업무 프로세스 개선을 목표로 함
- 제안서 안내: 사업 추진 일반과 요구사항 총괄표 등 제안서 작성 요령을 따름",77,2024-06,proj_078,proj_078,/content/drive/MyDrive/rag_project/Files/proj_078,True,"['/content/drive/MyDrive/rag_project/Files/proj_078/20240624332-00_1718692539796_입찰공고문.pdf', '/content/drive/MyDrive/rag_project/Files/proj_078/20240624332-00_1718692539803_일반용역계약 특수조건.pdf', '/content/drive/MyDrive/rag_project/Files/proj_078/20240624332-00_1718692539806_제출서류(양식).pdf', '/content/drive/MyDrive/rag_project/Files/proj_078/인천공항운영서비스(주)_인천공항운영서비스㈜ 차세대 ERP시스템 구축 .pdf']",4
20240624711,0,RFID기반 국가자격 시험 결과물 스마트 관리시스템 도입 사업,proj_079,80000000.0,한국산업인력공단,2024-06-18 17:22:00,2024-06-28 10:00:00,2024-07-02 10:00:00,"- 사업개요: RFID를 활용한 국가자격 시험 결과물 스마트 관리시스템 도입
- 추진배경: 시험 결과물의 정확한 관리와 업무 효율성 제고 필요
- 사업범위: 시범도입 및 테스트, 기관 확대, 기술 지원 및 교육
- 기대효과: 시험 결과물의 정확한 파악과 관리, 업무 효율성 향상
- 추진목표: RFID 시스템 구축 및 운영, 시범 테스트 후 전 국가자격 시험기관으로 확대",78,2024-06,proj_079,proj_079,/content/drive/MyDrive/rag_project/Files/proj_079,True,"['/content/drive/MyDrive/rag_project/Files/proj_079/20240624711-00_1718698896679_1. 입찰공고문_수정.pdf', '/content/drive/MyDrive/rag_project/Files/proj_079/20240624711-00_1718698896683_3. 계약특수조건.pdf', '/content/drive/MyDrive/rag_project/Files/proj_079/한국산업인력공단_RFID기반 국가자격 시험 결과물 스마트 관리시스템 도.pdf']",3
20240624914,0,한국원자력연구원 선량평가시스템 고도화,proj_080,46600000.0,한국원자력연구원,2024-06-18 18:26:00,2024-06-27 10:00:00,2024-07-01 10:00:00,"- 한국원자력연구원 선량평가시스템 고도화 사업 개요: 선량평가 시스템 개선을 통해 규제 준수, 업무생산성 향상을 목표로 함
- 추진배경: 환경상의 위해방지 기준 준수 필요, 업무생산성 향상 필요
- 사업범위: 평가장기 개선, 액체 선량평가 기능 추가
- 기대효과: 정상운전 시 규제 수요 대응, 데이터 신뢰성 확보 및 생산성 향상
- 추진목표: 한국원자력연구원 선량평가시스템 고도화",79,2024-06,proj_080,proj_080,/content/drive/MyDrive/rag_project/Files/proj_080,True,"['/content/drive/MyDrive/rag_project/Files/proj_080/20240624914-00_1718702753064_(입찰재공고문) 한국원자력연구원 선량평가시스템 고도화 용역.pdf', '/content/drive/MyDrive/rag_project/Files/proj_080/한국원자력연구원_한국원자력연구원 선량평가시스템 고도화.pdf']",2
20240612475,0,2024년 항해용 간행물 품질관리 업무보조 시스템 구축,proj_081,200000000.0,한국해양조사협회,2024-06-12 16:25:00,2024-06-20 14:00:00,2024-06-24 15:00:00,"- 사업 개요: 2024년 항해용 간행물 품질관리 업무보조 시스템 구축
- 추진배경: 해양조사협회에 항해용 간행물 품질관리 업무 위탁, 품질검사 수행 및 이력관리 강화 필요
- 사업범위: 디지털 품질검사 요소 분석, 디지털 품질검사 도구 개발, 품질관리 오류사례 DB 구축 및 정보 조회 기능 개선
- 기대효과: 검사시간 단축, 업무효율 개선, 품질관리 업무지원 강화
- 추진목표: 항해용 간행물 품질관리 시스템 구축, 품질검사 및 이력관리 효율화",80,2024-06,proj_081,proj_081,/content/drive/MyDrive/rag_project/Files/proj_081,True,"['/content/drive/MyDrive/rag_project/Files/proj_081/20240612475-00_1718176871587_1. 입찰공고문(항해용 간행물 품질관리).pdf', '/content/drive/MyDrive/rag_project/Files/proj_081/20240612475-00_1718176871696_3. 과업지시서(항해용 간행물 품질관리).pdf', '/content/drive/MyDrive/rag_project/Files/proj_081/한국해양조사협회_2024년 항해용 간행물 품질관리 업무보조 시스템 구축.pdf']",3
20240311752,2,실손보험 청구 전산화 시스템 구축 사업,proj_082,1.0,사단법인 보험개발원,2024-03-19 13:47:00,2024-03-19 13:47:00,2024-03-27 14:00:00,"- 사업 개요: 실손보험 청구 전산화 시스템 구축
- 추진배경: 보험금 청구 과정의 불편과 비효율성 개선 필요성
- 사업범위: 전국 요양기관과 보험사 연계 시스템 구축
- 기대효과: 보험가입자의 편의 증대, 종이서류 사용 절감, 청구율 증가
- 추진목표: 실손보험 청구 과정의 전산화를 통한 효율적인 보험금 지급 프로세스 구축",81,2024-03,proj_082,proj_082,/content/drive/MyDrive/rag_project/Files/proj_082,True,"['/content/drive/MyDrive/rag_project/Files/proj_082/20240311752-02_1710823587167_입찰공고문(실손보험 청구 전산화 시스템 구축)_변경.pdf', '/content/drive/MyDrive/rag_project/Files/proj_082/사단법인 보험개발원_실손보험 청구 전산화 시스템 구축 사업.pdf']",2
20240615212,0,서울특별시교육청 지능정보화전략계획(ISP) 수립(2차) 사업 용역,proj_083,248796000.0,서울특별시교육청,2024-06-12 17:01:00,2024-06-17 10:00:00,2024-06-24 11:00:00,"- 사업 개요: 서울특별시교육청의 지능정보화전략계획(ISP) 수립(2차) 사업
- 추진배경: 서울교육의 디지털 대전환과 지능정보화 정책 추진 필요성
- 사업범위: 지능정보화 전략 수립, 스마트 플랫폼 구축, 학교 업무 개선, 정보화정책 조직 및 체계 구축
- 기대효과: 체계적인 정보화 사업 추진, 원활한 서울 미래교육 수행, 학교 환경 개선, 지능정보화 정책 효율성 증대",82,2024-06,proj_083,proj_083,/content/drive/MyDrive/rag_project/Files/proj_083,True,"['/content/drive/MyDrive/rag_project/Files/proj_083/20240615212-00_1718175638915_(공고문)서울특별시교육청 지능정보화전략계획(ISP) 수립(2차) 사업 용역.pdf', '/content/drive/MyDrive/rag_project/Files/proj_083/서울특별시교육청_서울특별시교육청 지능정보화전략계획(ISP) 수립(2차) .pdf']",2
20240327871,0,2024년 장애인문화예술정보시스템 이음온라인 운영 용역,proj_084,380000000.0,재단법인 한국장애인문화예술원,2024-03-19 09:18:00,2024-03-20 17:00:00,2024-04-01 10:00:00,"- 사업개요: 2024년에 이음온라인 운영 용역을 통해 장애인문화예술정보시스템을 구축하고 운영한다.
- 추진배경: 장애예술과 온라인 콘텐츠에 대한 이해를 바탕으로 효율적인 운영과 콘텐츠 기획-제작을 위해 전문 업체를 선정한다.
- 사업범위: 이음온라인 세부 운영계획 수립, 콘텐츠 기획-제작 및 운영, 홍보 및 활성화, 홈페이지 운영 및 기능개선 등
- 기대효과: 장애인 예술가들의 콘텐츠와 정보를 제공하여 장애인문화예술의 활성화를 도모하고, 이음온라인을 통해 다양한 이용자들에게 문화예술 정보를 제공한다.
- 추진목표: 이음온라인의 성공적인 운영을 통해 장애인들의 문화예술 참여 기회를 확대하고, 장애인문화예술의 인식과 가치를 높인다.",83,2024-03,proj_084,proj_084,/content/drive/MyDrive/rag_project/Files/proj_084,True,['/content/drive/MyDrive/rag_project/Files/proj_084/재단법인 한국장애인문화예술원_2024년 장애인문화예술정보시스템 이음.pdf'],1
20240330003,0,2024년 벤처확인종합관리시스템 기능 고도화 용역사업 입찰공고,proj_085,352000000.0,(사)벤처기업협회,2024-03-19 10:49:00,2024-03-19 10:49:00,2024-04-09 15:00:00,"- 2024년 벤처확인종합관리시스템 기능 고도화 용역사업
- 복수의결권주식, 스톡옵션, 성과조건부주식교부 기능 구축 및 고도화
- 벤처기업법에 따라 발행된 복수의결권주식 보고 업무 처리 시스템 구축
- 벤처기업법에 따라 부여된 벤처기업 스톡옵션 부여, 취소-철회 신고 및 업무시스템 구축
- 벤처기업법에 따라 성과조건부주식교부계약의 신고 및 업무처리 시스템 구축
- 복수의결권주식 발행 보고 및 스톡옵션 신고기능은 기존 시스템 내 벤처확인 이력정보와 신고자(벤처기업)의 정보와 연동",84,2024-03,proj_085,proj_085,/content/drive/MyDrive/rag_project/Files/proj_085,True,"['/content/drive/MyDrive/rag_project/Files/proj_085/(사)벤처기업협회_2024년 벤처확인종합관리시스템 기능 고도화 용역사업 .pdf', '/content/drive/MyDrive/rag_project/Files/proj_085/20240330003-00_1710812780439_2024년 벤처확인종합관리시스템 기능 고도화 용역사업 입찰공고문.pdf']",2
20240331766,0,2024년 통합사회정보시스템 운영지원,proj_086,133812000.0,경기도사회서비스원,2024-03-19 17:42:00,2024-03-20 09:00:00,2024-04-01 10:00:00,"- 사업개요: 2024년 통합사회정보시스템 운영 지원
- 추진배경: 경기도사회서비스원 통합DB 운영, 안정적인 서비스 제공을 위한 업무환경 개선
- 사업범위: 시스템 유지관리 및 기능개선, 시스템 기능개발
- 기대효과: 경기도사회서비스원 통합DB 플랫폼 운영, 안정적인 서비스 제공으로 업무 효율 제고
- 추진목표: 통합사회정보시스템 유지보수 및 개발, 업무 환경 개선을 통한 서비스 향상",85,2024-03,proj_086,proj_086,/content/drive/MyDrive/rag_project/Files/proj_086,True,"['/content/drive/MyDrive/rag_project/Files/proj_086/20240331766-00_1710837244958_입찰공고문.pdf', '/content/drive/MyDrive/rag_project/Files/proj_086/경기도사회서비스원_2024년 통합사회정보시스템 운영지원.pdf']",2
20211005486,0,세종테크노파크 인사정보 전산시스템 구축 용역 입찰공고[긴급],proj_087,90000000.0,세종테크노파크,2021-10-08 00:00:00,2021-10-08 10:00:00,2021-10-18 17:00:00,"- 사업개요: 세종테크노파크 인사정보 전산시스템 구축
- 추진배경: 인사정보관리의 전산화 결여로 인한 업무 부담과 정보의 통합 부족
- 사업범위: 인사정보시스템 구축, 근태관리 고도화, 인사정보 검색 시스템 구축
- 기대효과: 인사업무 처리 효율성 제고, 정보의 통합 및 협업 체계 강화
- 추진목표: 인사정보시스템 구축, 분산된 인사업무 통합, 연계 기관 및 데이터 모니터링 가능성 확보",86,2021-10,proj_087,proj_087,/content/drive/MyDrive/rag_project/Files/proj_087,True,"['/content/drive/MyDrive/rag_project/Files/proj_087/20211005486-00_1633597660514_입찰공고문.pdf', '/content/drive/MyDrive/rag_project/Files/proj_087/세종테크노파크_세종테크노파크 인사정보 전산시스템 구축 용역 입찰공.pdf']",2
20240925413,0,(긴급) 모잠비크 마푸토 지능형교통시스템(ITS) 구축사업 사업타당성조사(F/S) 용역,proj_088,1247000000.0,한국수출입은행,2024-10-04 09:34:00,2024-10-28 10:00:00,2024-11-05 16:00:00,"- 사업명: 모잠비크 마푸토 지능형교통시스템(ITS) 구축사업 타당성조사(F/S) 용역
- 추진배경: 모잠비크 마푸토 지역의 교통시스템 개선을 위해 ITS 구축을 계획함
- 사업범위: ITS 현장시스템 및 ICT 시스템 계획에 대한 타당성조사(F/S) 용역
- 기대효과: 교통시스템의 효율성 향상, 교통 혼잡 해소, 교통안전 강화 등
- 추진목표: 모잠비크 마푸토 지역의 지능형교통시스템 구축을 위한 타당성조사(F/S) 수행",87,2024-10,proj_088,proj_088,/content/drive/MyDrive/rag_project/Files/proj_088,True,['/content/drive/MyDrive/rag_project/Files/proj_088/한국수출입은행_(긴급) 모잠비크 마푸토 지능형교통시스템(ITS) 구축사업.pdf'],1
20241002169,0,2024년 국립민속박물관 민속아카이브 자료관리시스템 기능개선,proj_089,77000000.0,문화체육관광부 국립민속박물관,2024-10-04 10:12:00,2024-10-11 10:00:00,2024-10-15 10:00:00,"- 사업일반: 국립민속박물관 민속아카이브 자료관리시스템 기능개선 프로젝트
- 추진배경 및 필요성: 업무 프로세스 강화, 모니터링 기능 강화, 자료 관리 기능 강화, 사용자 편의성 개선 필요
- 사업내용: 사용자 기능 개선, 모니터링 기능 강화, 자료 관리 기능 강화, 추가기능 개발 및 요구사항 분석
- 기대효과: 업무 사용성 개선, 자료 관리 체계 구축, 자료관리시스템의 보안성 제고",88,2024-10,proj_089,proj_089,/content/drive/MyDrive/rag_project/Files/proj_089,True,"['/content/drive/MyDrive/rag_project/Files/proj_089/20241002169-00_1728002399856_★(입찰공고서) 2024년 국립민속박물관 민속아카이브 자료관리시스템 기능개선.pdf', '/content/drive/MyDrive/rag_project/Files/proj_089/문화체육관광부 국립민속박물관_2024년 국립민속박물관 민속아카이브 자.pdf']",2
20240429895,0,연차별 자율 품질관리 시스템 기능개선,proj_090,75000000.0,한국보육진흥원,2024-04-18 10:59:00,2024-04-30 10:00:00,2024-05-03 10:00:00,"- 사업개요: 연차별 자율 품질관리 시스템 기능개선
- 추진목적 및 필요성: 어린이집 조직진단(STEP+) 플랫폼 기능 개선 필요, 자율 품질관리 시스템 구축을 통한 어린이집 보육 품질 향상
- 사업내용: 자율 품질관리 진단 기능 구축, 진단 결과 맞춤 컨설팅 운영 기능 구축, 오류사항 개선 등 기타 세부 요청사항 반영
- 추진방안: 홈페이지의 원활한 운영을 위한 범위 포괄, 정부 지침 및 신기술 적용, 개발 및 유지보수 전담조직 구성 등
- 기대효과: 어린이집 자율 품질관리의 체계적인 관리, 데이터 축적을 통한 성과 분석, 보육 품질 향상 지원",89,2024-04,proj_090,proj_090,/content/drive/MyDrive/rag_project/Files/proj_090,True,"['/content/drive/MyDrive/rag_project/Files/proj_090/20240429895-00_1713405273587_1. 입찰공고서.pdf', '/content/drive/MyDrive/rag_project/Files/proj_090/한국보육진흥원_연차별 자율 품질관리 시스템 기능개선.pdf']",2
20241103380,0,(재공고)2024 조선대학교 SW중심대학 사업관리시스템(WeHub) 구축,proj_091,100000000.0,조선대학교,2024-11-04 17:48:00,2024-11-04 17:48:00,2024-11-20 12:30:00,"- 사업 개요: 2024 조선대학교 SW중심대학 사업관리시스템(WeHub) 구축
- 추진배경: SW중심대학사업단의 효과적인 온라인 사업 홍보 및 일원화된 사업 참여환경 제공 필요
- 사업범위: 사업 운영 및 관리에 최적화된 전산시스템 설계, SW중심대학사업단 지원 플랫폼 구축, 다양한 기능 및 서비스 제공
- 기대효과: IT융합대학 인지도 제고, 사용자 편의성 증대, 다양한 정보 제공 및 효율적인 운영 환경 제공
- 추진목표: 조선대학교 SW중심대학 사업관리시스템(WeHub) 구축을 통한 사업 운영 및 관리의 효율성 향상",90,2024-11,proj_091,proj_091,/content/drive/MyDrive/rag_project/Files/proj_091,True,"['/content/drive/MyDrive/rag_project/Files/proj_091/20241103380-00_1730709837250_입찰공고문.pdf', '/content/drive/MyDrive/rag_project/Files/proj_091/조선대학교_(재공고)2024 조선대학교 SW중심대학 사업관리시스템(WeHub) 구.pdf']",2
20240408682,0,2024년도 GKL  그룹웨어 시스템 구축 용역,proj_092,1515000000.0,그랜드코리아레저(주),2024-04-04 14:17:00,2024-04-04 18:00:00,2024-05-20 11:00:00,"- 사업개요: GKL 그룹웨어 시스템 구축사업
- 추진배경: 그룹웨어 및 기록물관리, 사내SNS 시스템 노후화로 인한 개선 필요, 정부권장정책 적용, 웹기반 시스템 필요
- 사업범위: 그룹웨어 시스템 구축, 기록물관리 시스템 구축, 업무용 메신저 시스템 구축
- 기대효과: 시스템 안정성 확보, 관리 효율성 향상, 사용자 편의 증대",91,2024-04,proj_092,proj_092,/content/drive/MyDrive/rag_project/Files/proj_092,True,"['/content/drive/MyDrive/rag_project/Files/proj_092/20240408682-00_1712207736589_1. 입찰공고문(그룹웨어 시스템 구축 용역).pdf', '/content/drive/MyDrive/rag_project/Files/proj_092/그랜드코리아레저(주)_2024년도 GKL  그룹웨어 시스템 구축 용역.pdf']",2
20240408874,0,산단 안전정보시스템 1차 구축 용역,proj_093,717285200.0,한국산업단지공단,2024-04-04 15:09:00,2024-05-13 10:00:00,2024-05-16 10:00:00,"- 산단안전정보시스템 1차 구축 용역사업
- 사업목적: 산업단지의 안전과 관련된 정보를 수집, 분석, 예측, 대응할 수 있는 안전관리시스템 구축
- 사업범위: 상황관리시스템, 안전관리정보시스템, 정책지원, 데이터기반 시스템 구축
- 기대효과: 사고상황 파악과 대응의 신속성과 정확도 증대, 업무효율성 개선, 안전정보 통합관리 체계 구축
- 추진목표: 산단안전정보시스템 구축을 위한 설계, 개발, 테스트, 보완, 홍보 및 교육 진행",92,2024-04,proj_093,proj_093,/content/drive/MyDrive/rag_project/Files/proj_093,True,"['/content/drive/MyDrive/rag_project/Files/proj_093/20240408874-00_1712210907716_공고문(안전정보시스템).pdf', '/content/drive/MyDrive/rag_project/Files/proj_093/한국산업단지공단_산단 안전정보시스템 1차 구축 용역.pdf']",2
20240409322,0,적십자병원 병원정보 재해복구시스템 구축 용역 재공고입찰,proj_094,500000000.0,대한적십자사 의료원,2024-04-04 16:55:00,2024-04-11 09:00:00,2024-04-15 11:00:00,"- 사업개요: 적십자병원 병원정보 재해복구시스템 구축
- 추진배경 및 필요성: 병원 정보의 재해복구 체계 부재로 인한 진료정보 보호와 복구 필요
- 사업범위: 재해복구시스템 구축을 위한 데이터베이스 서버, DBMS, 데이터복제 솔루션 도입
- 추진목표: 안정적 진료 기반 마련, 진료정보 보호와 복구, 내-외부 고객 만족도 향상
- 추진체계 및 역할: 혈액관리본부, 의료원, 정보관리국, 정보기획팀, 병원사업본부, 대외협력팀, 경영지원팀, 7개 병원, 사업자의 역할
- 추진일정: 분석 및 설계, 설치, 환경구성 및 검증, 데이터베이스 이관 및 검증, 안정화 지원, 착수-완료보고까지 총 6개월 이내
- 도입 목록: 데이터베이스 서버, DBMS, 데이터복제 솔루션
- 요구사항 총괄: 39개의 요구사항으로 구성되며, 장비 공통, 기능 요구사항, 성능 요구사항, 인터페이스 요구사항, 데이터 요구사항, 테스트 요구사항, 컨설팅 요구사항, 보안 요구사항, 품질 요구사항, 제약사항, 프로젝트 관리 요구사항, 프로젝트 지원 요구사항으로 분류됨",93,2024-04,proj_094,proj_094,/content/drive/MyDrive/rag_project/Files/proj_094,True,"['/content/drive/MyDrive/rag_project/Files/proj_094/20240409322-00_1712217162774_[붙임1] 입찰공고문(재공고).pdf', '/content/drive/MyDrive/rag_project/Files/proj_094/20240409322-00_1712217162807_[붙임3] 입찰참가신청서 및 서약서(서식).pdf', '/content/drive/MyDrive/rag_project/Files/proj_094/20240409322-00_1712217162822_[붙임4] 일반조건.pdf', '/content/drive/MyDrive/rag_project/Files/proj_094/20240409322-00_1712217162831_[붙임5]_특수조건.pdf', '/content/drive/MyDrive/rag_project/Files/proj_094/대한적십자사 의료원_적십자병원 병원정보 재해복구시스템 구축 용역 .pdf']",5
20240409641,0,수문자료정보관리시스템(HDIMS) 재구축 용역(3단계),proj_095,493270440.0,한국수자원조사기술원,2024-04-04 18:31:00,2024-04-04 19:00:00,2024-04-15 10:00:00,"- 사업 개요: 수문자료정보관리시스템(HDIMS) 재구축 사업(3단계)
- 추진배경: 1단계 전자야장시스템 신설, 2단계 수문자료정보관리시스템 재구축에 따른 이용 불편 사항 및 수자원조사 자료의 품질관리 필요
- 사업범위: 기능 개선 및 시스템 관리, 전자야장시스템 추가 개발, 대내-외 시스템 연계 개선
- 기대효과: 수자원자료의 품질관리 기능 고도화, 데이터구조 재설계를 통한 표준화된 자료 생산 및 활용 강화
- 추진목표: 표준화된 자료 생산 및 가공, 수문자료 분석 및 활용 기능 강화",94,2024-04,proj_095,proj_095,/content/drive/MyDrive/rag_project/Files/proj_095,True,"['/content/drive/MyDrive/rag_project/Files/proj_095/20240409641-00_1712222951153_붙임2.입찰공고문.pdf', '/content/drive/MyDrive/rag_project/Files/proj_095/20240409641-00_1712222951158_붙임4.과업지시서.pdf', '/content/drive/MyDrive/rag_project/Files/proj_095/한국수자원조사기술원_수문자료정보관리시스템(HDIMS) 재구축 용역(3단계.pdf']",3
20240419826,0,통합 정보시스템 구축 사전 컨설팅,proj_096,50000000.0,(재)예술경영지원센터,2024-04-12 09:38:00,2024-04-12 10:00:00,2024-04-23 10:00:00,"- 사업개요: 통합 정보시스템 구축 사전 컨설팅
- 추진배경: 미술진흥법에 따른 통합미술정보시스템 구축 필요성 대두
- 사업범위: 환경 및 현황분석, 데이터 분석 및 설계, 벤치마킹 사례 조사, 비전 및 전략 수립, 서비스 개발
- 기대효과: 통합미술정보시스템 개편 및 고도화, 이용자 기반의 시스템 구축 방향 수립, 향상된 미술시장 정보 제공
- 추진목표: 통합미술정보시스템의 목표 설계, 핵심 서비스 도출 및 개발",95,2024-04,proj_096,proj_096,/content/drive/MyDrive/rag_project/Files/proj_096,True,"['/content/drive/MyDrive/rag_project/Files/proj_096/(재)예술경영지원센터_통합 정보시스템 구축 사전 컨설팅.pdf', '/content/drive/MyDrive/rag_project/Files/proj_096/20240419826-00_1712882161899_1. [입찰공고문] 통합 정보시스템 구축 사전 컨설팅.pdf']",2
20240419765,0,2024년 광주문화예술통합플랫폼 시스템 유지 및 보수 용역 제안서 제출 안내 재공고,proj_097,61890000.0,재단법인 광주광역시 광주문화재단,2024-04-12 10:16:00,2024-04-15 09:00:00,2024-04-23 10:00:00,"- 사업개요: 2024년 광주문화예술통합플랫폼 시스템 유지 및 보수 용역
- 추진목표 및 방향: 광주문화예술 정보 제공 수준 향상, 플랫폼 개편 및 디자인 개선, 기술적 지원
- 주요 사업범위: 크롤링 방식에서 API 방식 5건 전환, 신규 크롤링 기관 확대
- 기대효과: 광주문화예술 정보 집약 및 플랫폼 강화, 시민 만족도 제고, 서비스 품질 향상
- 추진목표: 안정적 시스템 유지 관리, 플랫폼 운영 및 유지보수",96,2024-04,proj_097,proj_097,/content/drive/MyDrive/rag_project/Files/proj_097,True,"['/content/drive/MyDrive/rag_project/Files/proj_097/20240419765-00_1712881047970_공고문(광주문화예술통합플랫폼 시스템 유지 및 보수 용역).pdf', '/content/drive/MyDrive/rag_project/Files/proj_097/재단법인 광주광역시 광주문화재단_2024년 광주문화예술통합플랫폼 시스.pdf']",2
20240420207,0,스마트 팹 서비스 활용체계 구축관련 설비온라인 시스템 구축 용역,proj_098,2349130320.0,나노종합기술원,2024-04-12 11:18:00,2024-04-12 17:00:00,2024-05-01 17:00:00,"- 사업 개요: 스마트 팹 서비스 활용체계 구축관련 설비 온라인 시스템 구축 용역
- 추진배경: 나노 반도체 국가 성장 동력 강화를 위한 나노 반도체 생태계 혁신기반 마련 필요
- 사업범위: 기술원의 기술원 보유 장비 설비온라인 시스템 구축
- 기대효과: 연구개발 소요시간 및 비용 단축, 빅데이터 기반의 나노팹 서비스 내재화, 기업의 R&D 및 제품생산 역량 강화, 국가 간 기술개발 경쟁에서 우위를 차지할 수 있는 기반 마련",97,2024-04,proj_098,proj_098,/content/drive/MyDrive/rag_project/Files/proj_098,True,"['/content/drive/MyDrive/rag_project/Files/proj_098/20240420207-00_1712888141443_1. (긴급) 입찰공고문_스마트 팹 서비스 활용체계 구축관련 설비온라인시스템 구축 용역.pdf', '/content/drive/MyDrive/rag_project/Files/proj_098/20240420207-00_1712888141446_2. (제안안내서) 입찰 및 제안평가안내서.pdf', '/content/drive/MyDrive/rag_project/Files/proj_098/나노종합기술원_스마트 팹 서비스 활용체계 구축관련 설비온라인 시스.pdf']",3
